Workbook

Sheet MATLAB
A1: Class_Label | H1: N/A | I1: =OFFSET(Database!$F114,0,COLUMN(Database!F114)*2-12) -> MGP | J1: =OFFSET(Database!$F114,0,COLUMN(Database!G114)*2-12) -> MGP | K1: =OFFSET(Database!$F114,0,COLUMN(Database!H114)*2-12) -> IMG | L1: =OFFSET(Database!$F114,0,COLUMN(Database!I114)*2-12) -> IMG | M1: =OFFSET(Database!$F114,0,COLUMN(Database!J114)*2-12) -> IMG | N1: =OFFSET(Database!$F114,0,COLUMN(Database!K114)*2-12) -> CR | O1: =OFFSET(Database!$F114,0,COLUMN(Database!L114)*2-12) -> CR | P1: =OFFSET(Database!$F114,0,COLUMN(Database!M114)*2-12) -> CR | ... GP1: =OFFSET(Database!$F114,0,COLUMN(Database!GM114)*2-12) -> ISCS
A2: Class | H2: NaN | I2: =OFFSET(Database!$F115,0,COLUMN(Database!F115)*2-12) -> 0 | J2: =OFFSET(Database!$F115,0,COLUMN(Database!G115)*2-12) -> 0 | K2: =OFFSET(Database!$F115,0,COLUMN(Database!H115)*2-12) -> 0 | L2: =OFFSET(Database!$F115,0,COLUMN(Database!I115)*2-12) -> 0 | M2: =OFFSET(Database!$F115,0,COLUMN(Database!J115)*2-12) -> 0 | N2: =OFFSET(Database!$F115,0,COLUMN(Database!K115)*2-12) -> 0 | O2: =OFFSET(Database!$F115,0,COLUMN(Database!L115)*2-12) -> 0 | P2: =OFFSET(Database!$F115,0,COLUMN(Database!M115)*2-12) -> 0 | ... GP2: =OFFSET(Database!$F115,0,COLUMN(Database!GM115)*2-12) -> 0
A3: Amino_Acid_Label | B3: Amino_Acid | C3: Amine_Position | D3: Chirality | E3: N | F3: Symbol | G3: Pub_chem_ID | H3: Molar_Mass | I3: =OFFSET(Database!$F3,0,COLUMN(Database!F3)*2-12) -> Imilac metal | J3: =OFFSET(Database!$F3,0,COLUMN(Database!G3)*2-12) -> Imilac silicate | K3: =OFFSET(Database!$F3,0,COLUMN(Database!H3)*2-12) -> Canyon Diablo | L3: =OFFSET(Database!$F3,0,COLUMN(Database!I3)*2-12) -> Cape York | M3: =OFFSET(Database!$F3,0,COLUMN(Database!J3)*2-12) -> Campo del Cielo | N3: =OFFSET(Database!$F3,0,COLUMN(Database!K3)*2-12) -> GRO 95577 | O3: =OFFSET(Database!$F3,0,COLUMN(Database!L3)*2-12) -> GRO 95577 | P3: =OFFSET(Database!$F3,0,COLUMN(Database!M3)*2-12) -> MIL 09001 | ... GP3: =OFFSET(Database!$F3,0,COLUMN(Database!GM3)*2-12) -> AA Synthesis-2
A4: =Database!A4 -> Glycine | B4: glycine | C4: =Database!B4 -> ɑ | D4: =Database!C4 -> Achiral | E4: =Database!D4 -> 183 | F4: G | G4: 750 | H4: =Database!E4 -> 75.07 | I4: =OFFSET(Database!$F4,0,COLUMN(Database!F4)*2-12) -> 0.1902 | J4: =OFFSET(Database!$F4,0,COLUMN(Database!G4)*2-12) -> 0.8024 | K4: =OFFSET(Database!$F4,0,COLUMN(Database!H4)*2-12) -> 0.5274 | L4: =OFFSET(Database!$F4,0,COLUMN(Database!I4)*2-12) -> 0.2728 | M4: =OFFSET(Database!$F4,0,COLUMN(Database!J4)*2-12) -> 0.3647 | N4: =OFFSET(Database!$F4,0,COLUMN(Database!K4)*2-12) -> 1.8116425 | O4: =OFFSET(Database!$F4,0,COLUMN(Database!L4)*2-12) -> 3.7 | P4: =OFFSET(Database!$F4,0,COLUMN(Database!M4)*2-12) -> 3.46 | ... GP4: =OFFSET(Database!$F4,0,COLUMN(Database!GM4)*2-12) -> 3836.4193
A5: =Database!A5 -> Taurine | B5: taurine | C5: =Database!B5 -> β | D5: =Database!C5 -> Achiral | E5: =Database!D5 -> 3 | F5: TAU | G5: 1123 | H5: =Database!E5 -> 125.14 | I5: =OFFSET(Database!$F5,0,COLUMN(Database!F5)*2-12) -> n.r. | J5: =OFFSET(Database!$F5,0,COLUMN(Database!G5)*2-12) -> n.r. | K5: =OFFSET(Database!$F5,0,COLUMN(Database!H5)*2-12) -> n.r. | L5: =OFFSET(Database!$F5,0,COLUMN(Database!I5)*2-12) -> n.r. | M5: =OFFSET(Database!$F5,0,COLUMN(Database!J5)*2-12) -> n.r. | N5: =OFFSET(Database!$F5,0,COLUMN(Database!K5)*2-12) -> n.r. | O5: =OFFSET(Database!$F5,0,COLUMN(Database!L5)*2-12) -> n.r. | P5: =OFFSET(Database!$F5,0,COLUMN(Database!M5)*2-12) -> n.r. | ... GP5: =OFFSET(Database!$F5,0,COLUMN(Database!GM5)*2-12) -> n.r.
A6: =Database!A6 -> D-alanine | B6: alanine | C6: =Database!B6 -> ɑ | D6: =Database!C6 -> D | E6: =Database!D6 -> 106 | F6: DA | G6: 71080 | H6: =Database!E6 -> 89.09 | I6: =OFFSET(Database!$F6,0,COLUMN(Database!F6)*2-12) -> 0.0069 | J6: =OFFSET(Database!$F6,0,COLUMN(Database!G6)*2-12) -> 0.0164 | K6: =OFFSET(Database!$F6,0,COLUMN(Database!H6)*2-12) -> 0.0208 | L6: =OFFSET(Database!$F6,0,COLUMN(Database!I6)*2-12) -> 0.0078 | M6: =OFFSET(Database!$F6,0,COLUMN(Database!J6)*2-12) -> 0.009 | N6: =OFFSET(Database!$F6,0,COLUMN(Database!K6)*2-12) -> 0.83062072 | O6: =OFFSET(Database!$F6,0,COLUMN(Database!L6)*2-12) -> 0.52 | P6: =OFFSET(Database!$F6,0,COLUMN(Database!M6)*2-12) -> 0.93 | ... GP6: =OFFSET(Database!$F6,0,COLUMN(Database!GM6)*2-12) -> 1784.7121
A7: =Database!A7 -> L-alanine | B7: alanine | C7: =Database!B7 -> ɑ | D7: =Database!C7 -> L | E7: =Database!D7 -> 116 | F7: LA | G7: 5950 | H7: =Database!E7 -> 89.09 | I7: =OFFSET(Database!$F7,0,COLUMN(Database!F7)*2-12) -> 0.0107 | J7: =OFFSET(Database!$F7,0,COLUMN(Database!G7)*2-12) -> 0.0573 | K7: =OFFSET(Database!$F7,0,COLUMN(Database!H7)*2-12) -> 0.1238 | L7: =OFFSET(Database!$F7,0,COLUMN(Database!I7)*2-12) -> 0.0015 | M7: =OFFSET(Database!$F7,0,COLUMN(Database!J7)*2-12) -> 0.0185 | N7: =OFFSET(Database!$F7,0,COLUMN(Database!K7)*2-12) -> 1.077562 | O7: =OFFSET(Database!$F7,0,COLUMN(Database!L7)*2-12) -> 0.39 | P7: =OFFSET(Database!$F7,0,COLUMN(Database!M7)*2-12) -> 1.06 | ... GP7: =OFFSET(Database!$F7,0,COLUMN(Database!GM7)*2-12) -> 1829.6105
A8: =Database!A8 -> alanine | B8: alanine | C8: =Database!B8 -> ɑ | D8: =Database!C8 -> Both | E8: =Database!D8 -> 56 | F8: A | G8: 71080, 5950 | H8: =Database!E8 -> 89.09 | I8: =OFFSET(Database!$F8,0,COLUMN(Database!F8)*2-12) -> n.r. | J8: =OFFSET(Database!$F8,0,COLUMN(Database!G8)*2-12) -> n.r. | K8: =OFFSET(Database!$F8,0,COLUMN(Database!H8)*2-12) -> n.r. | L8: =OFFSET(Database!$F8,0,COLUMN(Database!I8)*2-12) -> n.r. | M8: =OFFSET(Database!$F8,0,COLUMN(Database!J8)*2-12) -> n.r. | N8: =OFFSET(Database!$F8,0,COLUMN(Database!K8)*2-12) -> n.r. | O8: =OFFSET(Database!$F8,0,COLUMN(Database!L8)*2-12) -> n.r. | P8: =OFFSET(Database!$F8,0,COLUMN(Database!M8)*2-12) -> n.r. | ... GP8: =OFFSET(Database!$F8,0,COLUMN(Database!GM8)*2-12) -> n.r.
A9: =Database!A9 -> β-alanine | B9: beta-alanine | C9: =Database!B9 -> β | D9: =Database!C9 -> Both | E9: =Database!D9 -> 138 | F9: BALA | G9: 239 | H9: =Database!E9 -> 89.09 | I9: =OFFSET(Database!$F9,0,COLUMN(Database!F9)*2-12) -> 0.0537 | J9: =OFFSET(Database!$F9,0,COLUMN(Database!G9)*2-12) -> 0.0821 | K9: =OFFSET(Database!$F9,0,COLUMN(Database!H9)*2-12) -> 0.0565 | L9: =OFFSET(Database!$F9,0,COLUMN(Database!I9)*2-12) -> 0.0428 | M9: =OFFSET(Database!$F9,0,COLUMN(Database!J9)*2-12) -> 0.0374 | N9: =OFFSET(Database!$F9,0,COLUMN(Database!K9)*2-12) -> 1.3694017 | O9: =OFFSET(Database!$F9,0,COLUMN(Database!L9)*2-12) -> 3.3 | P9: =OFFSET(Database!$F9,0,COLUMN(Database!M9)*2-12) -> 3.55 | ... GP9: =OFFSET(Database!$F9,0,COLUMN(Database!GM9)*2-12) -> 2222.4717
A10: =Database!A10 -> Sarcosine | B10: sarcosine | C10: =Database!B10 -> ɑ | D10: =Database!C10 -> Achiral | E10: =Database!D10 -> 1 | F10: SAR | G10: 1088 | H10: =Database!E10 -> 89.09 | I10: =OFFSET(Database!$F10,0,COLUMN(Database!F10)*2-12) -> n.r. | J10: =OFFSET(Database!$F10,0,COLUMN(Database!G10)*2-12) -> n.r. | K10: =OFFSET(Database!$F10,0,COLUMN(Database!H10)*2-12) -> n.r. | L10: =OFFSET(Database!$F10,0,COLUMN(Database!I10)*2-12) -> n.r. | M10: =OFFSET(Database!$F10,0,COLUMN(Database!J10)*2-12) -> n.r. | N10: =OFFSET(Database!$F10,0,COLUMN(Database!K10)*2-12) -> n.r. | O10: =OFFSET(Database!$F10,0,COLUMN(Database!L10)*2-12) -> n.r. | P10: =OFFSET(Database!$F10,0,COLUMN(Database!M10)*2-12) -> n.r. | ... GP10: =OFFSET(Database!$F10,0,COLUMN(Database!GM10)*2-12) -> n.d.
A11: =Database!A11 -> D-serine | B11: serine | C11: =Database!B11 -> ɑ | D11: =Database!C11 -> D | E11: =Database!D11 -> 72 | F11: DS | G11: 71077 | H11: =Database!E11 -> 105.09 | I11: =OFFSET(Database!$F11,0,COLUMN(Database!F11)*2-12) -> 0.002 | J11: =OFFSET(Database!$F11,0,COLUMN(Database!G11)*2-12) -> 0.0146 | K11: =OFFSET(Database!$F11,0,COLUMN(Database!H11)*2-12) -> 0.0017 | L11: =OFFSET(Database!$F11,0,COLUMN(Database!I11)*2-12) -> 0.0015 | M11: =OFFSET(Database!$F11,0,COLUMN(Database!J11)*2-12) -> tr | N11: =OFFSET(Database!$F11,0,COLUMN(Database!K11)*2-12) -> n.r. | O11: =OFFSET(Database!$F11,0,COLUMN(Database!L11)*2-12) -> <0.04 | P11: =OFFSET(Database!$F11,0,COLUMN(Database!M11)*2-12) -> 0.05 | ... GP11: =OFFSET(Database!$F11,0,COLUMN(Database!GM11)*2-12) -> 218.86002
A12: =Database!A12 -> L-serine | B12: serine | C12: =Database!B12 -> ɑ | D12: =Database!C12 -> L | E12: =Database!D12 -> 96 | F12: LS | G12: 5951 | H12: =Database!E12 -> 105.09 | I12: =OFFSET(Database!$F12,0,COLUMN(Database!F12)*2-12) -> 0.0035 | J12: =OFFSET(Database!$F12,0,COLUMN(Database!G12)*2-12) -> 0.1044 | K12: =OFFSET(Database!$F12,0,COLUMN(Database!H12)*2-12) -> 0.0387 | L12: =OFFSET(Database!$F12,0,COLUMN(Database!I12)*2-12) -> 0.0078 | M12: =OFFSET(Database!$F12,0,COLUMN(Database!J12)*2-12) -> n.d. | N12: =OFFSET(Database!$F12,0,COLUMN(Database!K12)*2-12) -> n.r. | O12: =OFFSET(Database!$F12,0,COLUMN(Database!L12)*2-12) -> <0.03 | P12: =OFFSET(Database!$F12,0,COLUMN(Database!M12)*2-12) -> 0.06 | ... GP12: =OFFSET(Database!$F12,0,COLUMN(Database!GM12)*2-12) -> 266.43829
A13: =Database!A13 -> serine | B13: serine | C13: =Database!B13 -> ɑ | D13: =Database!C13 -> Both | E13: =Database!D13 -> 57 | F13: S | G13: 71077, 5951 | H13: =Database!E13 -> 105.09 | I13: =OFFSET(Database!$F13,0,COLUMN(Database!F13)*2-12) -> n.r. | J13: =OFFSET(Database!$F13,0,COLUMN(Database!G13)*2-12) -> n.r. | K13: =OFFSET(Database!$F13,0,COLUMN(Database!H13)*2-12) -> n.r. | L13: =OFFSET(Database!$F13,0,COLUMN(Database!I13)*2-12) -> n.r. | M13: =OFFSET(Database!$F13,0,COLUMN(Database!J13)*2-12) -> n.r. | N13: =OFFSET(Database!$F13,0,COLUMN(Database!K13)*2-12) -> n.r. | O13: =OFFSET(Database!$F13,0,COLUMN(Database!L13)*2-12) -> n.r. | P13: =OFFSET(Database!$F13,0,COLUMN(Database!M13)*2-12) -> n.r. | ... GP13: =OFFSET(Database!$F13,0,COLUMN(Database!GM13)*2-12) -> n.r.
A14: =Database!A14 -> D-cysteine | B14: cysteine | C14: =Database!B14 -> ɑ | D14: =Database!C14 -> D | E14: =Database!D14 -> 0 | F14: DC | G14: 92851 | H14: =Database!E14 -> 121.16 | I14: =OFFSET(Database!$F14,0,COLUMN(Database!F14)*2-12) -> n.r. | J14: =OFFSET(Database!$F14,0,COLUMN(Database!G14)*2-12) -> n.r. | K14: =OFFSET(Database!$F14,0,COLUMN(Database!H14)*2-12) -> n.r. | L14: =OFFSET(Database!$F14,0,COLUMN(Database!I14)*2-12) -> n.r. | M14: =OFFSET(Database!$F14,0,COLUMN(Database!J14)*2-12) -> n.r. | N14: =OFFSET(Database!$F14,0,COLUMN(Database!K14)*2-12) -> n.r. | O14: =OFFSET(Database!$F14,0,COLUMN(Database!L14)*2-12) -> n.r. | P14: =OFFSET(Database!$F14,0,COLUMN(Database!M14)*2-12) -> n.r. | ... GP14: =OFFSET(Database!$F14,0,COLUMN(Database!GM14)*2-12) -> n.r.
A15: =Database!A15 -> L-cysteine | B15: cysteine | C15: =Database!B15 -> ɑ | D15: =Database!C15 -> L | E15: =Database!D15 -> 8 | F15: LC | G15: 5862 | H15: =Database!E15 -> 121.16 | I15: =OFFSET(Database!$F15,0,COLUMN(Database!F15)*2-12) -> n.r. | J15: =OFFSET(Database!$F15,0,COLUMN(Database!G15)*2-12) -> n.r. | K15: =OFFSET(Database!$F15,0,COLUMN(Database!H15)*2-12) -> n.r. | L15: =OFFSET(Database!$F15,0,COLUMN(Database!I15)*2-12) -> n.r. | M15: =OFFSET(Database!$F15,0,COLUMN(Database!J15)*2-12) -> n.r. | N15: =OFFSET(Database!$F15,0,COLUMN(Database!K15)*2-12) -> n.r. | O15: =OFFSET(Database!$F15,0,COLUMN(Database!L15)*2-12) -> n.r. | P15: =OFFSET(Database!$F15,0,COLUMN(Database!M15)*2-12) -> n.r. | ... GP15: =OFFSET(Database!$F15,0,COLUMN(Database!GM15)*2-12) -> n.r.
A16: =Database!A16 -> cysteine | B16: cysteine | C16: =Database!B16 -> ɑ | D16: =Database!C16 -> Both | E16: =Database!D16 -> 19 | F16: C | G16: 92851, 5862 | H16: =Database!E16 -> 121.16 | I16: =OFFSET(Database!$F16,0,COLUMN(Database!F16)*2-12) -> n.r. | J16: =OFFSET(Database!$F16,0,COLUMN(Database!G16)*2-12) -> n.r. | K16: =OFFSET(Database!$F16,0,COLUMN(Database!H16)*2-12) -> n.r. | L16: =OFFSET(Database!$F16,0,COLUMN(Database!I16)*2-12) -> n.r. | M16: =OFFSET(Database!$F16,0,COLUMN(Database!J16)*2-12) -> n.r. | N16: =OFFSET(Database!$F16,0,COLUMN(Database!K16)*2-12) -> n.r. | O16: =OFFSET(Database!$F16,0,COLUMN(Database!L16)*2-12) -> n.r. | P16: =OFFSET(Database!$F16,0,COLUMN(Database!M16)*2-12) -> n.r. | ... GP16: =OFFSET(Database!$F16,0,COLUMN(Database!GM16)*2-12) -> n.r.
A17: =Database!A17 -> D-aspartic acid | B17: aspartic acid | C17: =Database!B17 -> ɑ | D17: =Database!C17 -> D | E17: =Database!D17 -> 92 | F17: DD | G17: 83887 | H17: =Database!E17 -> 133.1 | I17: =OFFSET(Database!$F17,0,COLUMN(Database!F17)*2-12) -> 0.0013 | J17: =OFFSET(Database!$F17,0,COLUMN(Database!G17)*2-12) -> 0.0062 | K17: =OFFSET(Database!$F17,0,COLUMN(Database!H17)*2-12) -> tr | L17: =OFFSET(Database!$F17,0,COLUMN(Database!I17)*2-12) -> 0.0019 | M17: =OFFSET(Database!$F17,0,COLUMN(Database!J17)*2-12) -> tr | N17: =OFFSET(Database!$F17,0,COLUMN(Database!K17)*2-12) -> 0.090157776 | O17: =OFFSET(Database!$F17,0,COLUMN(Database!L17)*2-12) -> <0.06 | P17: =OFFSET(Database!$F17,0,COLUMN(Database!M17)*2-12) -> 0.19 | ... GP17: =OFFSET(Database!$F17,0,COLUMN(Database!GM17)*2-12) -> 9.7670924
A18: =Database!A18 -> L-aspartic acid | B18: aspartic acid | C18: =Database!B18 -> ɑ | D18: =Database!C18 -> L | E18: =Database!D18 -> 103 | F18: LD | G18: 5960 | H18: =Database!E18 -> 133.1 | I18: =OFFSET(Database!$F18,0,COLUMN(Database!F18)*2-12) -> tr | J18: =OFFSET(Database!$F18,0,COLUMN(Database!G18)*2-12) -> 0.0446 | K18: =OFFSET(Database!$F18,0,COLUMN(Database!H18)*2-12) -> 0.0035 | L18: =OFFSET(Database!$F18,0,COLUMN(Database!I18)*2-12) -> 0.0045 | M18: =OFFSET(Database!$F18,0,COLUMN(Database!J18)*2-12) -> bb | N18: =OFFSET(Database!$F18,0,COLUMN(Database!K18)*2-12) -> 0.14274981 | O18: =OFFSET(Database!$F18,0,COLUMN(Database!L18)*2-12) -> <0.02 | P18: =OFFSET(Database!$F18,0,COLUMN(Database!M18)*2-12) -> 0.18 | ... GP18: =OFFSET(Database!$F18,0,COLUMN(Database!GM18)*2-12) -> 18.78287
A19: =Database!A19 -> aspartic acid | B19: aspartic acid | C19: =Database!B19 -> ɑ | D19: =Database!C19 -> Both | E19: =Database!D19 -> 54 | F19: D | G19: 83887, 5960 | H19: =Database!E19 -> 133.1 | I19: =OFFSET(Database!$F19,0,COLUMN(Database!F19)*2-12) -> n.r. | J19: =OFFSET(Database!$F19,0,COLUMN(Database!G19)*2-12) -> n.r. | K19: =OFFSET(Database!$F19,0,COLUMN(Database!H19)*2-12) -> n.r. | L19: =OFFSET(Database!$F19,0,COLUMN(Database!I19)*2-12) -> n.r. | M19: =OFFSET(Database!$F19,0,COLUMN(Database!J19)*2-12) -> n.r. | N19: =OFFSET(Database!$F19,0,COLUMN(Database!K19)*2-12) -> n.r. | O19: =OFFSET(Database!$F19,0,COLUMN(Database!L19)*2-12) -> n.r. | P19: =OFFSET(Database!$F19,0,COLUMN(Database!M19)*2-12) -> n.r. | ... GP19: =OFFSET(Database!$F19,0,COLUMN(Database!GM19)*2-12) -> n.r.
A20: =Database!A20 -> D-threonine | B20: threonine | C20: =Database!B20 -> ɑ | D20: =Database!C20 -> D | E20: =Database!D20 -> 13 | F20: DT | G20: 69435 | H20: =Database!E20 -> 119.12 | I20: =OFFSET(Database!$F20,0,COLUMN(Database!F20)*2-12) -> n.r. | J20: =OFFSET(Database!$F20,0,COLUMN(Database!G20)*2-12) -> n.r. | K20: =OFFSET(Database!$F20,0,COLUMN(Database!H20)*2-12) -> n.r. | L20: =OFFSET(Database!$F20,0,COLUMN(Database!I20)*2-12) -> n.r. | M20: =OFFSET(Database!$F20,0,COLUMN(Database!J20)*2-12) -> n.r. | N20: =OFFSET(Database!$F20,0,COLUMN(Database!K20)*2-12) -> n.r. | O20: =OFFSET(Database!$F20,0,COLUMN(Database!L20)*2-12) -> n.r. | P20: =OFFSET(Database!$F20,0,COLUMN(Database!M20)*2-12) -> <0.01 | ... GP20: =OFFSET(Database!$F20,0,COLUMN(Database!GM20)*2-12) -> n.d.
A21: =Database!A21 -> L-threonine | B21: threonine | C21: =Database!B21 -> ɑ | D21: =Database!C21 -> L | E21: =Database!D21 -> 40 | F21: LT | G21: 6288 | H21: =Database!E21 -> 119.12 | I21: =OFFSET(Database!$F21,0,COLUMN(Database!F21)*2-12) -> n.r. | J21: =OFFSET(Database!$F21,0,COLUMN(Database!G21)*2-12) -> n.r. | K21: =OFFSET(Database!$F21,0,COLUMN(Database!H21)*2-12) -> n.r. | L21: =OFFSET(Database!$F21,0,COLUMN(Database!I21)*2-12) -> n.r. | M21: =OFFSET(Database!$F21,0,COLUMN(Database!J21)*2-12) -> n.r. | N21: =OFFSET(Database!$F21,0,COLUMN(Database!K21)*2-12) -> n.r. | O21: =OFFSET(Database!$F21,0,COLUMN(Database!L21)*2-12) -> n.r. | P21: =OFFSET(Database!$F21,0,COLUMN(Database!M21)*2-12) -> <0.01 | ... GP21: =OFFSET(Database!$F21,0,COLUMN(Database!GM21)*2-12) -> 57.924782
A22: =Database!A22 -> threonine | B22: threonine | C22: =Database!B22 -> ɑ | D22: =Database!C22 -> Both | E22: =Database!D22 -> 51 | F22: T | G22: 69435, 6288 | H22: =Database!E22 -> 119.12 | I22: =OFFSET(Database!$F22,0,COLUMN(Database!F22)*2-12) -> n.r. | J22: =OFFSET(Database!$F22,0,COLUMN(Database!G22)*2-12) -> n.r. | K22: =OFFSET(Database!$F22,0,COLUMN(Database!H22)*2-12) -> n.r. | L22: =OFFSET(Database!$F22,0,COLUMN(Database!I22)*2-12) -> n.r. | M22: =OFFSET(Database!$F22,0,COLUMN(Database!J22)*2-12) -> n.r. | N22: =OFFSET(Database!$F22,0,COLUMN(Database!K22)*2-12) -> n.r. | O22: =OFFSET(Database!$F22,0,COLUMN(Database!L22)*2-12) -> n.r. | P22: =OFFSET(Database!$F22,0,COLUMN(Database!M22)*2-12) -> n.r. | ... GP22: =OFFSET(Database!$F22,0,COLUMN(Database!GM22)*2-12) -> n.r.
A23: =Database!A23 -> isothreonine | B23: isothreonine | C23: =Database!B23 -> β | D23: =Database!C23 -> Both | E23: =Database!D23 -> 3 | F23: IST | G23: 12647 | H23: =Database!E23 -> 119.12 | I23: =OFFSET(Database!$F23,0,COLUMN(Database!F23)*2-12) -> n.r. | J23: =OFFSET(Database!$F23,0,COLUMN(Database!G23)*2-12) -> n.r. | K23: =OFFSET(Database!$F23,0,COLUMN(Database!H23)*2-12) -> n.r. | L23: =OFFSET(Database!$F23,0,COLUMN(Database!I23)*2-12) -> n.r. | M23: =OFFSET(Database!$F23,0,COLUMN(Database!J23)*2-12) -> n.r. | N23: =OFFSET(Database!$F23,0,COLUMN(Database!K23)*2-12) -> n.r. | O23: =OFFSET(Database!$F23,0,COLUMN(Database!L23)*2-12) -> n.r. | P23: =OFFSET(Database!$F23,0,COLUMN(Database!M23)*2-12) -> n.r. | ... GP23: =OFFSET(Database!$F23,0,COLUMN(Database!GM23)*2-12) -> 512.08865
A24: =Database!A24 -> D-allo-threonine | B24: allo-threonine | C24: =Database!B24 -> β | D24: =Database!C24 -> D | E24: =Database!D24 -> 2 | F24: DAT | G24: 90624 | H24: =Database!E24 -> 119.12 | I24: =OFFSET(Database!$F24,0,COLUMN(Database!F24)*2-12) -> n.r. | J24: =OFFSET(Database!$F24,0,COLUMN(Database!G24)*2-12) -> n.r. | K24: =OFFSET(Database!$F24,0,COLUMN(Database!H24)*2-12) -> n.r. | L24: =OFFSET(Database!$F24,0,COLUMN(Database!I24)*2-12) -> n.r. | M24: =OFFSET(Database!$F24,0,COLUMN(Database!J24)*2-12) -> n.r. | N24: =OFFSET(Database!$F24,0,COLUMN(Database!K24)*2-12) -> n.r. | O24: =OFFSET(Database!$F24,0,COLUMN(Database!L24)*2-12) -> n.r. | P24: =OFFSET(Database!$F24,0,COLUMN(Database!M24)*2-12) -> n.r. | ... GP24: =OFFSET(Database!$F24,0,COLUMN(Database!GM24)*2-12) -> 352.58563
A25: =Database!A25 -> L-allo-threonine | B25: allo-threonine | C25: =Database!B25 -> β | D25: =Database!C25 -> L | E25: =Database!D25 -> 2 | F25: LAT | G25: 99289 | H25: =Database!E25 -> 119.12 | I25: =OFFSET(Database!$F25,0,COLUMN(Database!F25)*2-12) -> n.r. | J25: =OFFSET(Database!$F25,0,COLUMN(Database!G25)*2-12) -> n.r. | K25: =OFFSET(Database!$F25,0,COLUMN(Database!H25)*2-12) -> n.r. | L25: =OFFSET(Database!$F25,0,COLUMN(Database!I25)*2-12) -> n.r. | M25: =OFFSET(Database!$F25,0,COLUMN(Database!J25)*2-12) -> n.r. | N25: =OFFSET(Database!$F25,0,COLUMN(Database!K25)*2-12) -> n.r. | O25: =OFFSET(Database!$F25,0,COLUMN(Database!L25)*2-12) -> n.r. | P25: =OFFSET(Database!$F25,0,COLUMN(Database!M25)*2-12) -> n.r. | ... GP25: =OFFSET(Database!$F25,0,COLUMN(Database!GM25)*2-12) -> 394.56011
A26: =Database!A26 -> D-ɑ-aminobutyric acid | B26: aba | C26: =Database!B26 -> ɑ | D26: =Database!C26 -> D | E26: =Database!D26 -> 3 | F26: DABA | G26: 439691 | H26: =Database!E26 -> 103.12 | I26: =OFFSET(Database!$F26,0,COLUMN(Database!F26)*2-12) -> n.r. | J26: =OFFSET(Database!$F26,0,COLUMN(Database!G26)*2-12) -> n.r. | K26: =OFFSET(Database!$F26,0,COLUMN(Database!H26)*2-12) -> n.r. | L26: =OFFSET(Database!$F26,0,COLUMN(Database!I26)*2-12) -> n.r. | M26: =OFFSET(Database!$F26,0,COLUMN(Database!J26)*2-12) -> n.r. | N26: =OFFSET(Database!$F26,0,COLUMN(Database!K26)*2-12) -> n.r. | O26: =OFFSET(Database!$F26,0,COLUMN(Database!L26)*2-12) -> n.r. | P26: =OFFSET(Database!$F26,0,COLUMN(Database!M26)*2-12) -> n.r. | ... GP26: =OFFSET(Database!$F26,0,COLUMN(Database!GM26)*2-12) -> 610.93871
A27: =Database!A27 -> L-ɑ-aminobutyric acid | B27: aba | C27: =Database!B27 -> ɑ | D27: =Database!C27 -> L | E27: =Database!D27 -> 3 | F27: LABA | G27: 80283 | H27: =Database!E27 -> 103.12 | I27: =OFFSET(Database!$F27,0,COLUMN(Database!F27)*2-12) -> n.r. | J27: =OFFSET(Database!$F27,0,COLUMN(Database!G27)*2-12) -> n.r. | K27: =OFFSET(Database!$F27,0,COLUMN(Database!H27)*2-12) -> n.r. | L27: =OFFSET(Database!$F27,0,COLUMN(Database!I27)*2-12) -> n.r. | M27: =OFFSET(Database!$F27,0,COLUMN(Database!J27)*2-12) -> n.r. | N27: =OFFSET(Database!$F27,0,COLUMN(Database!K27)*2-12) -> n.r. | O27: =OFFSET(Database!$F27,0,COLUMN(Database!L27)*2-12) -> n.r. | P27: =OFFSET(Database!$F27,0,COLUMN(Database!M27)*2-12) -> n.r. | ... GP27: =OFFSET(Database!$F27,0,COLUMN(Database!GM27)*2-12) -> 601.24127
A28: =Database!A28 -> ɑ-aminobutyric acid | B28: aba | C28: =Database!B28 -> ɑ | D28: =Database!C28 -> Both | E28: =Database!D28 -> 60 | F28: ABA | G28: 439691, 80283 | H28: =Database!E28 -> 103.12 | I28: =OFFSET(Database!$F28,0,COLUMN(Database!F28)*2-12) -> 0.0018 | J28: =OFFSET(Database!$F28,0,COLUMN(Database!G28)*2-12) -> tr | K28: =OFFSET(Database!$F28,0,COLUMN(Database!H28)*2-12) -> 0.0023 | L28: =OFFSET(Database!$F28,0,COLUMN(Database!I28)*2-12) -> 0.0016 | M28: =OFFSET(Database!$F28,0,COLUMN(Database!J28)*2-12) -> 0.003 | N28: =OFFSET(Database!$F28,0,COLUMN(Database!K28)*2-12) -> n.r. | O28: =OFFSET(Database!$F28,0,COLUMN(Database!L28)*2-12) -> 0.44 | P28: =OFFSET(Database!$F28,0,COLUMN(Database!M28)*2-12) -> 0.63 | ... GP28: =OFFSET(Database!$F28,0,COLUMN(Database!GM28)*2-12) -> n.r.
A29: =Database!A29 -> D-β-aminobutyric acid | B29: baba | C29: =Database!B29 -> β | D29: =Database!C29 -> D | E29: =Database!D29 -> 65 | F29: DBABA | G29: 5706670 | H29: =Database!E29 -> 103.12 | I29: =OFFSET(Database!$F29,0,COLUMN(Database!F29)*2-12) -> 0.0012 | J29: =OFFSET(Database!$F29,0,COLUMN(Database!G29)*2-12) -> 0.0051 | K29: =OFFSET(Database!$F29,0,COLUMN(Database!H29)*2-12) -> 0.0048 | L29: =OFFSET(Database!$F29,0,COLUMN(Database!I29)*2-12) -> 0.0027 | M29: =OFFSET(Database!$F29,0,COLUMN(Database!J29)*2-12) -> 0.0029 | N29: =OFFSET(Database!$F29,0,COLUMN(Database!K29)*2-12) -> n.r. | O29: =OFFSET(Database!$F29,0,COLUMN(Database!L29)*2-12) -> 0.68 | P29: =OFFSET(Database!$F29,0,COLUMN(Database!M29)*2-12) -> 0.76 | ... GP29: =OFFSET(Database!$F29,0,COLUMN(Database!GM29)*2-12) -> 436.38479
A30: =Database!A30 -> L-β-aminobutyric acid | B30: baba | C30: =Database!B30 -> β | D30: =Database!C30 -> L | E30: =Database!D30 -> 65 | F30: LBABA | G30: 5706671 | H30: =Database!E30 -> 103.12 | I30: =OFFSET(Database!$F30,0,COLUMN(Database!F30)*2-12) -> 0.0012 | J30: =OFFSET(Database!$F30,0,COLUMN(Database!G30)*2-12) -> 0.0052 | K30: =OFFSET(Database!$F30,0,COLUMN(Database!H30)*2-12) -> 0.0047 | L30: =OFFSET(Database!$F30,0,COLUMN(Database!I30)*2-12) -> 0.0027 | M30: =OFFSET(Database!$F30,0,COLUMN(Database!J30)*2-12) -> 0.0029 | N30: =OFFSET(Database!$F30,0,COLUMN(Database!K30)*2-12) -> n.r. | O30: =OFFSET(Database!$F30,0,COLUMN(Database!L30)*2-12) -> 0.58 | P30: =OFFSET(Database!$F30,0,COLUMN(Database!M30)*2-12) -> 0.75 | ... GP30: =OFFSET(Database!$F30,0,COLUMN(Database!GM30)*2-12) -> 397.59503
A31: =Database!A31 -> β-aminobutyric acid | B31: baba | C31: =Database!B31 -> β | D31: =Database!C31 -> Both | E31: =Database!D31 -> 5 | F31: BABA | G31: 5706670, 5706671 | H31: =Database!E31 -> 103.12 | I31: =OFFSET(Database!$F31,0,COLUMN(Database!F31)*2-12) -> n.r. | J31: =OFFSET(Database!$F31,0,COLUMN(Database!G31)*2-12) -> n.r. | K31: =OFFSET(Database!$F31,0,COLUMN(Database!H31)*2-12) -> n.r. | L31: =OFFSET(Database!$F31,0,COLUMN(Database!I31)*2-12) -> n.r. | M31: =OFFSET(Database!$F31,0,COLUMN(Database!J31)*2-12) -> n.r. | N31: =OFFSET(Database!$F31,0,COLUMN(Database!K31)*2-12) -> 0.47517455 | O31: =OFFSET(Database!$F31,0,COLUMN(Database!L31)*2-12) -> n.r. | P31: =OFFSET(Database!$F31,0,COLUMN(Database!M31)*2-12) -> n.r. | ... GP31: =OFFSET(Database!$F31,0,COLUMN(Database!GM31)*2-12) -> n.r.
A32: =Database!A32 -> ɣ-aminobutyric acid | B32: gaba | C32: =Database!B32 -> ɣ | D32: =Database!C32 -> Both | E32: =Database!D32 -> 108 | F32: GABA | G32: 119 | H32: =Database!E32 -> 103.12 | I32: =OFFSET(Database!$F32,0,COLUMN(Database!F32)*2-12) -> n.s. | J32: =OFFSET(Database!$F32,0,COLUMN(Database!G32)*2-12) -> n.s. | K32: =OFFSET(Database!$F32,0,COLUMN(Database!H32)*2-12) -> n.s. | L32: =OFFSET(Database!$F32,0,COLUMN(Database!I32)*2-12) -> n.s. | M32: =OFFSET(Database!$F32,0,COLUMN(Database!J32)*2-12) -> n.s. | N32: =OFFSET(Database!$F32,0,COLUMN(Database!K32)*2-12) -> 0.52366175 | O32: =OFFSET(Database!$F32,0,COLUMN(Database!L32)*2-12) -> 1.4 | P32: =OFFSET(Database!$F32,0,COLUMN(Database!M32)*2-12) -> 1.09 | ... GP32: =OFFSET(Database!$F32,0,COLUMN(Database!GM32)*2-12) -> tr.
A33: =Database!A33 -> ɑ-aminoisobutyric acid | B33: aiba | C33: =Database!B33 -> ɑ | D33: =Database!C33 -> Both | E33: =Database!D33 -> 73 | F33: AIBA | G33: 6119 | H33: =Database!E33 -> 103.12 | I33: =OFFSET(Database!$F33,0,COLUMN(Database!F33)*2-12) -> 0.0155 | J33: =OFFSET(Database!$F33,0,COLUMN(Database!G33)*2-12) -> 0.0135 | K33: =OFFSET(Database!$F33,0,COLUMN(Database!H33)*2-12) -> 0.0177 | L33: =OFFSET(Database!$F33,0,COLUMN(Database!I33)*2-12) -> 0.0159 | M33: =OFFSET(Database!$F33,0,COLUMN(Database!J33)*2-12) -> 0.0092 | N33: =OFFSET(Database!$F33,0,COLUMN(Database!K33)*2-12) -> 0.46547711 | O33: =OFFSET(Database!$F33,0,COLUMN(Database!L33)*2-12) -> 1.7 | P33: =OFFSET(Database!$F33,0,COLUMN(Database!M33)*2-12) -> 1.26 | ... GP33: =OFFSET(Database!$F33,0,COLUMN(Database!GM33)*2-12) -> n.d.
A34: =Database!A34 -> D-β-aminoisobutyric acid | B34: baiba | C34: =Database!B34 -> β | D34: =Database!C34 -> D | E34: =Database!D34 -> 5 | F34: DBAIBA | G34: 439433 | H34: =Database!E34 -> 103.12 | I34: =OFFSET(Database!$F34,0,COLUMN(Database!F34)*2-12) -> n.r. | J34: =OFFSET(Database!$F34,0,COLUMN(Database!G34)*2-12) -> n.r. | K34: =OFFSET(Database!$F34,0,COLUMN(Database!H34)*2-12) -> n.r. | L34: =OFFSET(Database!$F34,0,COLUMN(Database!I34)*2-12) -> n.r. | M34: =OFFSET(Database!$F34,0,COLUMN(Database!J34)*2-12) -> n.r. | N34: =OFFSET(Database!$F34,0,COLUMN(Database!K34)*2-12) -> n.r. | O34: =OFFSET(Database!$F34,0,COLUMN(Database!L34)*2-12) -> n.r. | P34: =OFFSET(Database!$F34,0,COLUMN(Database!M34)*2-12) -> n.r. | ... GP34: =OFFSET(Database!$F34,0,COLUMN(Database!GM34)*2-12) -> 155.15904
A35: =Database!A35 -> L-β-aminoisobutyric acid | B35: baiba | C35: =Database!B35 -> β | D35: =Database!C35 -> L | E35: =Database!D35 -> 5 | F35: LBAIBA | G35: 439434 | H35: =Database!E35 -> 103.12 | I35: =OFFSET(Database!$F35,0,COLUMN(Database!F35)*2-12) -> n.r. | J35: =OFFSET(Database!$F35,0,COLUMN(Database!G35)*2-12) -> n.r. | K35: =OFFSET(Database!$F35,0,COLUMN(Database!H35)*2-12) -> n.r. | L35: =OFFSET(Database!$F35,0,COLUMN(Database!I35)*2-12) -> n.r. | M35: =OFFSET(Database!$F35,0,COLUMN(Database!J35)*2-12) -> n.r. | N35: =OFFSET(Database!$F35,0,COLUMN(Database!K35)*2-12) -> n.r. | O35: =OFFSET(Database!$F35,0,COLUMN(Database!L35)*2-12) -> n.r. | P35: =OFFSET(Database!$F35,0,COLUMN(Database!M35)*2-12) -> n.r. | ... GP35: =OFFSET(Database!$F35,0,COLUMN(Database!GM35)*2-12) -> 145.4616
A36: =Database!A36 -> β-aminoisobutyric acid | B36: baiba | C36: =Database!B36 -> β | D36: =Database!C36 -> Both | E36: =Database!D36 -> 26 | F36: BAIBA | G36: 439433, 439434 | H36: =Database!E36 -> 103.12 | I36: =OFFSET(Database!$F36,0,COLUMN(Database!F36)*2-12) -> n.s. | J36: =OFFSET(Database!$F36,0,COLUMN(Database!G36)*2-12) -> n.s. | K36: =OFFSET(Database!$F36,0,COLUMN(Database!H36)*2-12) -> n.s. | L36: =OFFSET(Database!$F36,0,COLUMN(Database!I36)*2-12) -> n.s. | M36: =OFFSET(Database!$F36,0,COLUMN(Database!J36)*2-12) -> n.s. | N36: =OFFSET(Database!$F36,0,COLUMN(Database!K36)*2-12) -> 0.2909232 | O36: =OFFSET(Database!$F36,0,COLUMN(Database!L36)*2-12) -> n.r. | P36: =OFFSET(Database!$F36,0,COLUMN(Database!M36)*2-12) -> 2.81 | ... GP36: =OFFSET(Database!$F36,0,COLUMN(Database!GM36)*2-12) -> n.r.
A37: =Database!A37 -> 1-Aminocyclopropane-1-carboxylic acid | B37: acpa | C37: =Database!B37 -> ɑ | D37: =Database!C37 -> Achiral | E37: =Database!D37 -> 12 | F37: ACP | G37: 535 | H37: =Database!E37 -> 101.1 | I37: =OFFSET(Database!$F37,0,COLUMN(Database!F37)*2-12) -> n.r. | J37: =OFFSET(Database!$F37,0,COLUMN(Database!G37)*2-12) -> n.r. | K37: =OFFSET(Database!$F37,0,COLUMN(Database!H37)*2-12) -> n.r. | L37: =OFFSET(Database!$F37,0,COLUMN(Database!I37)*2-12) -> n.r. | M37: =OFFSET(Database!$F37,0,COLUMN(Database!J37)*2-12) -> n.r. | N37: =OFFSET(Database!$F37,0,COLUMN(Database!K37)*2-12) -> n.r. | O37: =OFFSET(Database!$F37,0,COLUMN(Database!L37)*2-12) -> n.r. | P37: =OFFSET(Database!$F37,0,COLUMN(Database!M37)*2-12) -> n.r. | ... GP37: =OFFSET(Database!$F37,0,COLUMN(Database!GM37)*2-12) -> n.r.
A38: =Database!A38 -> 4-Amino-2-hydroxybutyric acid | B38: 4-ahba-2 | C38: =Database!B38 -> ɣ | D38: =Database!C38 -> Both | E38: =Database!D38 -> 3 | F38: IIHBA | G38: 26062 | H38: =Database!E38 -> 119.12 | I38: =OFFSET(Database!$F38,0,COLUMN(Database!F38)*2-12) -> n.r. | J38: =OFFSET(Database!$F38,0,COLUMN(Database!G38)*2-12) -> n.r. | K38: =OFFSET(Database!$F38,0,COLUMN(Database!H38)*2-12) -> n.r. | L38: =OFFSET(Database!$F38,0,COLUMN(Database!I38)*2-12) -> n.r. | M38: =OFFSET(Database!$F38,0,COLUMN(Database!J38)*2-12) -> n.r. | N38: =OFFSET(Database!$F38,0,COLUMN(Database!K38)*2-12) -> n.r. | O38: =OFFSET(Database!$F38,0,COLUMN(Database!L38)*2-12) -> n.r. | P38: =OFFSET(Database!$F38,0,COLUMN(Database!M38)*2-12) -> n.r. | ... GP38: =OFFSET(Database!$F38,0,COLUMN(Database!GM38)*2-12) -> 176.29281
A39: =Database!A39 -> D-4-Amino-3-hydroxybutyric acid | B39: 4-ahba-3 | C39: =Database!B39 -> ɣ | D39: =Database!C39 -> D | E39: =Database!D39 -> 1 | F39: DIIIHBA | G39: 2733883 | H39: =Database!E39 -> 119.12 | I39: =OFFSET(Database!$F39,0,COLUMN(Database!F39)*2-12) -> n.r. | J39: =OFFSET(Database!$F39,0,COLUMN(Database!G39)*2-12) -> n.r. | K39: =OFFSET(Database!$F39,0,COLUMN(Database!H39)*2-12) -> n.r. | L39: =OFFSET(Database!$F39,0,COLUMN(Database!I39)*2-12) -> n.r. | M39: =OFFSET(Database!$F39,0,COLUMN(Database!J39)*2-12) -> n.r. | N39: =OFFSET(Database!$F39,0,COLUMN(Database!K39)*2-12) -> n.r. | O39: =OFFSET(Database!$F39,0,COLUMN(Database!L39)*2-12) -> n.r. | P39: =OFFSET(Database!$F39,0,COLUMN(Database!M39)*2-12) -> n.r. | ... GP39: =OFFSET(Database!$F39,0,COLUMN(Database!GM39)*2-12) -> n.d.
A40: =Database!A40 -> L-4-Amino-3-hydroxybutyric acid | B40: 4-ahba-3 | C40: =Database!B40 -> ɣ | D40: =Database!C40 -> L | E40: =Database!D40 -> 1 | F40: LIIIHBA | G40: 6971281 | H40: =Database!E40 -> 119.12 | I40: =OFFSET(Database!$F40,0,COLUMN(Database!F40)*2-12) -> n.r. | J40: =OFFSET(Database!$F40,0,COLUMN(Database!G40)*2-12) -> n.r. | K40: =OFFSET(Database!$F40,0,COLUMN(Database!H40)*2-12) -> n.r. | L40: =OFFSET(Database!$F40,0,COLUMN(Database!I40)*2-12) -> n.r. | M40: =OFFSET(Database!$F40,0,COLUMN(Database!J40)*2-12) -> n.r. | N40: =OFFSET(Database!$F40,0,COLUMN(Database!K40)*2-12) -> n.r. | O40: =OFFSET(Database!$F40,0,COLUMN(Database!L40)*2-12) -> n.r. | P40: =OFFSET(Database!$F40,0,COLUMN(Database!M40)*2-12) -> n.r. | ... GP40: =OFFSET(Database!$F40,0,COLUMN(Database!GM40)*2-12) -> n.d.
A41: =Database!A41 -> methylserine | B41: methylserine | C41: =Database!B41 -> ɑ | D41: =Database!C41 -> Both | E41: =Database!D41 -> 2 | F41: MSER | G41: 7009640 | H41: =Database!E41 -> 119.12 | I41: =OFFSET(Database!$F41,0,COLUMN(Database!F41)*2-12) -> n.r. | J41: =OFFSET(Database!$F41,0,COLUMN(Database!G41)*2-12) -> n.r. | K41: =OFFSET(Database!$F41,0,COLUMN(Database!H41)*2-12) -> n.r. | L41: =OFFSET(Database!$F41,0,COLUMN(Database!I41)*2-12) -> n.r. | M41: =OFFSET(Database!$F41,0,COLUMN(Database!J41)*2-12) -> n.r. | N41: =OFFSET(Database!$F41,0,COLUMN(Database!K41)*2-12) -> n.r. | O41: =OFFSET(Database!$F41,0,COLUMN(Database!L41)*2-12) -> n.r. | P41: =OFFSET(Database!$F41,0,COLUMN(Database!M41)*2-12) -> n.r. | ... GP41: =OFFSET(Database!$F41,0,COLUMN(Database!GM41)*2-12) -> 621.2223
A42: =Database!A42 -> D-homoserine | B42: homoserine | C42: =Database!B42 -> ɑ | D42: =Database!C42 -> D | E42: =Database!D42 -> 2 | F42: DHSER | G42: 2724170 | H42: =Database!E42 -> 119.12 | I42: =OFFSET(Database!$F42,0,COLUMN(Database!F42)*2-12) -> n.r. | J42: =OFFSET(Database!$F42,0,COLUMN(Database!G42)*2-12) -> n.r. | K42: =OFFSET(Database!$F42,0,COLUMN(Database!H42)*2-12) -> n.r. | L42: =OFFSET(Database!$F42,0,COLUMN(Database!I42)*2-12) -> n.r. | M42: =OFFSET(Database!$F42,0,COLUMN(Database!J42)*2-12) -> n.r. | N42: =OFFSET(Database!$F42,0,COLUMN(Database!K42)*2-12) -> n.r. | O42: =OFFSET(Database!$F42,0,COLUMN(Database!L42)*2-12) -> n.r. | P42: =OFFSET(Database!$F42,0,COLUMN(Database!M42)*2-12) -> n.r. | ... GP42: =OFFSET(Database!$F42,0,COLUMN(Database!GM42)*2-12) -> 75.554063
A43: =Database!A43 -> L-homoserine | B43: homoserine | C43: =Database!B43 -> ɑ | D43: =Database!C43 -> L | E43: =Database!D43 -> 2 | F43: LHSER | G43: 12647 | H43: =Database!E43 -> 119.12 | I43: =OFFSET(Database!$F43,0,COLUMN(Database!F43)*2-12) -> n.r. | J43: =OFFSET(Database!$F43,0,COLUMN(Database!G43)*2-12) -> n.r. | K43: =OFFSET(Database!$F43,0,COLUMN(Database!H43)*2-12) -> n.r. | L43: =OFFSET(Database!$F43,0,COLUMN(Database!I43)*2-12) -> n.r. | M43: =OFFSET(Database!$F43,0,COLUMN(Database!J43)*2-12) -> n.r. | N43: =OFFSET(Database!$F43,0,COLUMN(Database!K43)*2-12) -> n.r. | O43: =OFFSET(Database!$F43,0,COLUMN(Database!L43)*2-12) -> n.r. | P43: =OFFSET(Database!$F43,0,COLUMN(Database!M43)*2-12) -> n.r. | ... GP43: =OFFSET(Database!$F43,0,COLUMN(Database!GM43)*2-12) -> 83.948959
A44: =Database!A44 -> β-homoserine | B44: beta-homoserine | C44: =Database!B44 -> β | D44: =Database!C44 -> Both | E44: =Database!D44 -> 2 | F44: BHSER | G44: 1502076 | H44: =Database!E44 -> 119.12 | I44: =OFFSET(Database!$F44,0,COLUMN(Database!F44)*2-12) -> n.r. | J44: =OFFSET(Database!$F44,0,COLUMN(Database!G44)*2-12) -> n.r. | K44: =OFFSET(Database!$F44,0,COLUMN(Database!H44)*2-12) -> n.r. | L44: =OFFSET(Database!$F44,0,COLUMN(Database!I44)*2-12) -> n.r. | M44: =OFFSET(Database!$F44,0,COLUMN(Database!J44)*2-12) -> n.r. | N44: =OFFSET(Database!$F44,0,COLUMN(Database!K44)*2-12) -> n.r. | O44: =OFFSET(Database!$F44,0,COLUMN(Database!L44)*2-12) -> n.r. | P44: =OFFSET(Database!$F44,0,COLUMN(Database!M44)*2-12) -> n.r. | ... GP44: =OFFSET(Database!$F44,0,COLUMN(Database!GM44)*2-12) -> 167.89792
A45: =Database!A45 -> 3-Amino-2-(hydroxy-methyl) propanoic acid | B45: ahmpa | C45: =Database!B45 -> β | D45: =Database!C45 -> Both | E45: =Database!D45 -> 3 | F45: IIHMPA | G45: 23644509 | H45: =Database!E45 -> 119.12 | I45: =OFFSET(Database!$F45,0,COLUMN(Database!F45)*2-12) -> n.r. | J45: =OFFSET(Database!$F45,0,COLUMN(Database!G45)*2-12) -> n.r. | K45: =OFFSET(Database!$F45,0,COLUMN(Database!H45)*2-12) -> n.r. | L45: =OFFSET(Database!$F45,0,COLUMN(Database!I45)*2-12) -> n.r. | M45: =OFFSET(Database!$F45,0,COLUMN(Database!J45)*2-12) -> n.r. | N45: =OFFSET(Database!$F45,0,COLUMN(Database!K45)*2-12) -> n.r. | O45: =OFFSET(Database!$F45,0,COLUMN(Database!L45)*2-12) -> n.r. | P45: =OFFSET(Database!$F45,0,COLUMN(Database!M45)*2-12) -> n.r. | ... GP45: =OFFSET(Database!$F45,0,COLUMN(Database!GM45)*2-12) -> 957.01813
A46: =Database!A46 -> L-asparagine | B46: asparagine | C46: =Database!B46 -> ɑ | D46: =Database!C46 -> L | E46: =Database!D46 -> 3 | F46: LN | G46: 6267 | H46: =Database!E46 -> 132.12 | I46: =OFFSET(Database!$F46,0,COLUMN(Database!F46)*2-12) -> n.r. | J46: =OFFSET(Database!$F46,0,COLUMN(Database!G46)*2-12) -> n.r. | K46: =OFFSET(Database!$F46,0,COLUMN(Database!H46)*2-12) -> n.r. | L46: =OFFSET(Database!$F46,0,COLUMN(Database!I46)*2-12) -> n.r. | M46: =OFFSET(Database!$F46,0,COLUMN(Database!J46)*2-12) -> n.r. | N46: =OFFSET(Database!$F46,0,COLUMN(Database!K46)*2-12) -> n.r. | O46: =OFFSET(Database!$F46,0,COLUMN(Database!L46)*2-12) -> n.r. | P46: =OFFSET(Database!$F46,0,COLUMN(Database!M46)*2-12) -> n.r. | ... GP46: =OFFSET(Database!$F46,0,COLUMN(Database!GM46)*2-12) -> n.r.
A47: =Database!A47 -> asparagine | B47: asparagine | C47: =Database!B47 -> ɑ | D47: =Database!C47 -> Both | E47: =Database!D47 -> 7 | F47: N | G47: 439600, 6267 | H47: =Database!E47 -> 132.12 | I47: =OFFSET(Database!$F47,0,COLUMN(Database!F47)*2-12) -> n.r. | J47: =OFFSET(Database!$F47,0,COLUMN(Database!G47)*2-12) -> n.r. | K47: =OFFSET(Database!$F47,0,COLUMN(Database!H47)*2-12) -> n.r. | L47: =OFFSET(Database!$F47,0,COLUMN(Database!I47)*2-12) -> n.r. | M47: =OFFSET(Database!$F47,0,COLUMN(Database!J47)*2-12) -> n.r. | N47: =OFFSET(Database!$F47,0,COLUMN(Database!K47)*2-12) -> n.r. | O47: =OFFSET(Database!$F47,0,COLUMN(Database!L47)*2-12) -> n.r. | P47: =OFFSET(Database!$F47,0,COLUMN(Database!M47)*2-12) -> n.r. | ... GP47: =OFFSET(Database!$F47,0,COLUMN(Database!GM47)*2-12) -> n.r.
A48: =Database!A48 -> D-valine | B48: valine | C48: =Database!B48 -> ɑ | D48: =Database!C48 -> D | E48: =Database!D48 -> 60 | F48: DV | G48: 71563 | H48: =Database!E48 -> 117.15 | I48: =OFFSET(Database!$F48,0,COLUMN(Database!F48)*2-12) -> b.b. | J48: =OFFSET(Database!$F48,0,COLUMN(Database!G48)*2-12) -> b.b. | K48: =OFFSET(Database!$F48,0,COLUMN(Database!H48)*2-12) -> tr | L48: =OFFSET(Database!$F48,0,COLUMN(Database!I48)*2-12) -> b.b. | M48: =OFFSET(Database!$F48,0,COLUMN(Database!J48)*2-12) -> tr | N48: =OFFSET(Database!$F48,0,COLUMN(Database!K48)*2-12) -> 0.068288519 | O48: =OFFSET(Database!$F48,0,COLUMN(Database!L48)*2-12) -> 0.05 | P48: =OFFSET(Database!$F48,0,COLUMN(Database!M48)*2-12) -> 0.06 | ... GP48: =OFFSET(Database!$F48,0,COLUMN(Database!GM48)*2-12) -> n.d.
A49: =Database!A49 -> L-valine | B49: valine | C49: =Database!B49 -> ɑ | D49: =Database!C49 -> L | E49: =Database!D49 -> 102 | F49: LV | G49: 6287 | H49: =Database!E49 -> 117.15 | I49: =OFFSET(Database!$F49,0,COLUMN(Database!F49)*2-12) -> tr | J49: =OFFSET(Database!$F49,0,COLUMN(Database!G49)*2-12) -> 0.0052 | K49: =OFFSET(Database!$F49,0,COLUMN(Database!H49)*2-12) -> 0.0161 | L49: =OFFSET(Database!$F49,0,COLUMN(Database!I49)*2-12) -> tr | M49: =OFFSET(Database!$F49,0,COLUMN(Database!J49)*2-12) -> tr | N49: =OFFSET(Database!$F49,0,COLUMN(Database!K49)*2-12) -> 0.11096884 | O49: =OFFSET(Database!$F49,0,COLUMN(Database!L49)*2-12) -> 0.1 | P49: =OFFSET(Database!$F49,0,COLUMN(Database!M49)*2-12) -> 0.14 | ... GP49: =OFFSET(Database!$F49,0,COLUMN(Database!GM49)*2-12) -> n.d.
A50: =Database!A50 -> valine | B50: valine | C50: =Database!B50 -> ɑ | D50: =Database!C50 -> Both | E50: =Database!D50 -> 62 | F50: V | G50: 71563, 6287 | H50: =Database!E50 -> 117.15 | I50: =OFFSET(Database!$F50,0,COLUMN(Database!F50)*2-12) -> n.r. | J50: =OFFSET(Database!$F50,0,COLUMN(Database!G50)*2-12) -> n.r. | K50: =OFFSET(Database!$F50,0,COLUMN(Database!H50)*2-12) -> n.r. | L50: =OFFSET(Database!$F50,0,COLUMN(Database!I50)*2-12) -> n.r. | M50: =OFFSET(Database!$F50,0,COLUMN(Database!J50)*2-12) -> n.r. | N50: =OFFSET(Database!$F50,0,COLUMN(Database!K50)*2-12) -> n.r. | O50: =OFFSET(Database!$F50,0,COLUMN(Database!L50)*2-12) -> n.r. | P50: =OFFSET(Database!$F50,0,COLUMN(Database!M50)*2-12) -> n.r. | ... GP50: =OFFSET(Database!$F50,0,COLUMN(Database!GM50)*2-12) -> n.r.
A51: =Database!A51 -> D-isovaline | B51: isovaline | C51: =Database!B51 -> ɑ | D51: =Database!C51 -> D | E51: =Database!D51 -> 29 | F51: DIVAL | G51: 94744 | H51: =Database!E51 -> 117.15 | I51: =OFFSET(Database!$F51,0,COLUMN(Database!F51)*2-12) -> b.b. | J51: =OFFSET(Database!$F51,0,COLUMN(Database!G51)*2-12) -> tr | K51: =OFFSET(Database!$F51,0,COLUMN(Database!H51)*2-12) -> n.d. | L51: =OFFSET(Database!$F51,0,COLUMN(Database!I51)*2-12) -> b.b. | M51: =OFFSET(Database!$F51,0,COLUMN(Database!J51)*2-12) -> b.b. | N51: =OFFSET(Database!$F51,0,COLUMN(Database!K51)*2-12) -> n.r. | O51: =OFFSET(Database!$F51,0,COLUMN(Database!L51)*2-12) -> 0.12 | P51: =OFFSET(Database!$F51,0,COLUMN(Database!M51)*2-12) -> 0.36 | ... GP51: =OFFSET(Database!$F51,0,COLUMN(Database!GM51)*2-12) -> n.d.
A52: =Database!A52 -> L-isovaline | B52: isovaline | C52: =Database!B52 -> ɑ | D52: =Database!C52 -> L | E52: =Database!D52 -> 26 | F52: LIVAL | G52: 6971276 | H52: =Database!E52 -> 117.15 | I52: =OFFSET(Database!$F52,0,COLUMN(Database!F52)*2-12) -> b.b. | J52: =OFFSET(Database!$F52,0,COLUMN(Database!G52)*2-12) -> b.b. | K52: =OFFSET(Database!$F52,0,COLUMN(Database!H52)*2-12) -> tr | L52: =OFFSET(Database!$F52,0,COLUMN(Database!I52)*2-12) -> b.b. | M52: =OFFSET(Database!$F52,0,COLUMN(Database!J52)*2-12) -> tr | N52: =OFFSET(Database!$F52,0,COLUMN(Database!K52)*2-12) -> n.r. | O52: =OFFSET(Database!$F52,0,COLUMN(Database!L52)*2-12) -> 0.16 | P52: =OFFSET(Database!$F52,0,COLUMN(Database!M52)*2-12) -> 0.44 | ... GP52: =OFFSET(Database!$F52,0,COLUMN(Database!GM52)*2-12) -> n.d.
A53: =Database!A53 -> isovaline | B53: isovaline | C53: =Database!B53 -> ɑ | D53: =Database!C53 -> Both | E53: =Database!D53 -> 2 | F53: IVAL | G53: 94744, 6971276 | H53: =Database!E53 -> 117.15 | I53: =OFFSET(Database!$F53,0,COLUMN(Database!F53)*2-12) -> n.r. | J53: =OFFSET(Database!$F53,0,COLUMN(Database!G53)*2-12) -> n.r. | K53: =OFFSET(Database!$F53,0,COLUMN(Database!H53)*2-12) -> n.r. | L53: =OFFSET(Database!$F53,0,COLUMN(Database!I53)*2-12) -> n.r. | M53: =OFFSET(Database!$F53,0,COLUMN(Database!J53)*2-12) -> n.r. | N53: =OFFSET(Database!$F53,0,COLUMN(Database!K53)*2-12) -> n.s. | O53: =OFFSET(Database!$F53,0,COLUMN(Database!L53)*2-12) -> n.r. | P53: =OFFSET(Database!$F53,0,COLUMN(Database!M53)*2-12) -> n.r. | ... GP53: =OFFSET(Database!$F53,0,COLUMN(Database!GM53)*2-12) -> n.r.
A54: =Database!A54 -> D-norvaline | B54: norvaline | C54: =Database!B54 -> ɑ | D54: =Database!C54 -> D | E54: =Database!D54 -> 19 | F54: DNVAL | G54: 439575 | H54: =Database!E54 -> 117.15 | I54: =OFFSET(Database!$F54,0,COLUMN(Database!F54)*2-12) -> tr | J54: =OFFSET(Database!$F54,0,COLUMN(Database!G54)*2-12) -> tr | K54: =OFFSET(Database!$F54,0,COLUMN(Database!H54)*2-12) -> tr | L54: =OFFSET(Database!$F54,0,COLUMN(Database!I54)*2-12) -> tr | M54: =OFFSET(Database!$F54,0,COLUMN(Database!J54)*2-12) -> 0.0025 | N54: =OFFSET(Database!$F54,0,COLUMN(Database!K54)*2-12) -> n.r. | O54: =OFFSET(Database!$F54,0,COLUMN(Database!L54)*2-12) -> 0.0187 | P54: =OFFSET(Database!$F54,0,COLUMN(Database!M54)*2-12) -> n.r. | ... GP54: =OFFSET(Database!$F54,0,COLUMN(Database!GM54)*2-12) -> n.d.
A55: =Database!A55 -> L-norvaline | B55: norvaline | C55: =Database!B55 -> ɑ | D55: =Database!C55 -> L | E55: =Database!D55 -> 21 | F55: LNVAL | G55: 65098 | H55: =Database!E55 -> 117.15 | I55: =OFFSET(Database!$F55,0,COLUMN(Database!F55)*2-12) -> tr | J55: =OFFSET(Database!$F55,0,COLUMN(Database!G55)*2-12) -> tr | K55: =OFFSET(Database!$F55,0,COLUMN(Database!H55)*2-12) -> tr | L55: =OFFSET(Database!$F55,0,COLUMN(Database!I55)*2-12) -> tr | M55: =OFFSET(Database!$F55,0,COLUMN(Database!J55)*2-12) -> 0.0026 | N55: =OFFSET(Database!$F55,0,COLUMN(Database!K55)*2-12) -> n.r. | O55: =OFFSET(Database!$F55,0,COLUMN(Database!L55)*2-12) -> 0.0154 | P55: =OFFSET(Database!$F55,0,COLUMN(Database!M55)*2-12) -> n.r. | ... GP55: =OFFSET(Database!$F55,0,COLUMN(Database!GM55)*2-12) -> n.d.
A56: =Database!A56 -> norvaline | B56: norvaline | C56: =Database!B56 -> ɑ | D56: =Database!C56 -> Both | E56: =Database!D56 -> 9 | F56: NVAL | G56: 439575, 65098 | H56: =Database!E56 -> 117.15 | I56: =OFFSET(Database!$F56,0,COLUMN(Database!F56)*2-12) -> n.r. | J56: =OFFSET(Database!$F56,0,COLUMN(Database!G56)*2-12) -> n.r. | K56: =OFFSET(Database!$F56,0,COLUMN(Database!H56)*2-12) -> n.r. | L56: =OFFSET(Database!$F56,0,COLUMN(Database!I56)*2-12) -> n.r. | M56: =OFFSET(Database!$F56,0,COLUMN(Database!J56)*2-12) -> n.r. | N56: =OFFSET(Database!$F56,0,COLUMN(Database!K56)*2-12) -> n.r. | O56: =OFFSET(Database!$F56,0,COLUMN(Database!L56)*2-12) -> n.r. | P56: =OFFSET(Database!$F56,0,COLUMN(Database!M56)*2-12) -> 0.09 | ... GP56: =OFFSET(Database!$F56,0,COLUMN(Database!GM56)*2-12) -> n.r.
A57: =Database!A57 -> D-3-amino-n-pentanoic acid | B57: 3-apa | C57: =Database!B57 -> β | D57: =Database!C57 -> D | E57: =Database!D57 -> 6 | F57: DIIIAPEN | G57: 14731979 | H57: =Database!E57 -> 117.15 | I57: =OFFSET(Database!$F57,0,COLUMN(Database!F57)*2-12) -> n.r. | J57: =OFFSET(Database!$F57,0,COLUMN(Database!G57)*2-12) -> n.r. | K57: =OFFSET(Database!$F57,0,COLUMN(Database!H57)*2-12) -> n.r. | L57: =OFFSET(Database!$F57,0,COLUMN(Database!I57)*2-12) -> n.r. | M57: =OFFSET(Database!$F57,0,COLUMN(Database!J57)*2-12) -> n.r. | N57: =OFFSET(Database!$F57,0,COLUMN(Database!K57)*2-12) -> n.r. | O57: =OFFSET(Database!$F57,0,COLUMN(Database!L57)*2-12) -> n.r. | P57: =OFFSET(Database!$F57,0,COLUMN(Database!M57)*2-12) -> n.r. | ... GP57: =OFFSET(Database!$F57,0,COLUMN(Database!GM57)*2-12) -> n.r.
A58: =Database!A58 -> L-3-amino-n-pentanoic acid | B58: 3-apa | C58: =Database!B58 -> β | D58: =Database!C58 -> L | E58: =Database!D58 -> 6 | F58: LIIIAPEN | G58: 11320932 | H58: =Database!E58 -> 117.15 | I58: =OFFSET(Database!$F58,0,COLUMN(Database!F58)*2-12) -> n.r. | J58: =OFFSET(Database!$F58,0,COLUMN(Database!G58)*2-12) -> n.r. | K58: =OFFSET(Database!$F58,0,COLUMN(Database!H58)*2-12) -> n.r. | L58: =OFFSET(Database!$F58,0,COLUMN(Database!I58)*2-12) -> n.r. | M58: =OFFSET(Database!$F58,0,COLUMN(Database!J58)*2-12) -> n.r. | N58: =OFFSET(Database!$F58,0,COLUMN(Database!K58)*2-12) -> n.r. | O58: =OFFSET(Database!$F58,0,COLUMN(Database!L58)*2-12) -> n.r. | P58: =OFFSET(Database!$F58,0,COLUMN(Database!M58)*2-12) -> n.r. | ... GP58: =OFFSET(Database!$F58,0,COLUMN(Database!GM58)*2-12) -> n.r.
A59: =Database!A59 -> 3-amino-n-pentanoic acid | B59: 3-apa | C59: =Database!B59 -> β | D59: =Database!C59 -> Both | E59: =Database!D59 -> 28 | F59: IIIAPEN | G59: 14731979, 11320932 | H59: =Database!E59 -> 117.15 | I59: =OFFSET(Database!$F59,0,COLUMN(Database!F59)*2-12) -> 0.0009 | J59: =OFFSET(Database!$F59,0,COLUMN(Database!G59)*2-12) -> 0.0009 | K59: =OFFSET(Database!$F59,0,COLUMN(Database!H59)*2-12) -> 0.0046 | L59: =OFFSET(Database!$F59,0,COLUMN(Database!I59)*2-12) -> 0.0014 | M59: =OFFSET(Database!$F59,0,COLUMN(Database!J59)*2-12) -> 0.0076 | N59: =OFFSET(Database!$F59,0,COLUMN(Database!K59)*2-12) -> n.r. | O59: =OFFSET(Database!$F59,0,COLUMN(Database!L59)*2-12) -> 0.35 | P59: =OFFSET(Database!$F59,0,COLUMN(Database!M59)*2-12) -> 0.37 | ... GP59: =OFFSET(Database!$F59,0,COLUMN(Database!GM59)*2-12) -> n.r.
A60: =Database!A60 -> 3-amino-3-methyl butyric acid | B60: 3-amba-3 | C60: =Database!B60 -> β | D60: =Database!C60 -> Both | E60: =Database!D60 -> 6 | F60: IIIMBA | G60: 2760933 | H60: =Database!E60 -> 117.15 | I60: =OFFSET(Database!$F60,0,COLUMN(Database!F60)*2-12) -> tr | J60: =OFFSET(Database!$F60,0,COLUMN(Database!G60)*2-12) -> tr | K60: =OFFSET(Database!$F60,0,COLUMN(Database!H60)*2-12) -> tr | L60: =OFFSET(Database!$F60,0,COLUMN(Database!I60)*2-12) -> tr | M60: =OFFSET(Database!$F60,0,COLUMN(Database!J60)*2-12) -> tr | N60: =OFFSET(Database!$F60,0,COLUMN(Database!K60)*2-12) -> n.r. | O60: =OFFSET(Database!$F60,0,COLUMN(Database!L60)*2-12) -> <0.03 | P60: =OFFSET(Database!$F60,0,COLUMN(Database!M60)*2-12) -> <0.01 | ... GP60: =OFFSET(Database!$F60,0,COLUMN(Database!GM60)*2-12) -> n.r.
A61: =Database!A61 -> 3-amino-2,2-dimethyl propanoic acid | B61: admp | C61: =Database!B61 -> β | D61: =Database!C61 -> Both | E61: =Database!D61 -> 37 | F61: IIDPA | G61: 95739 | H61: =Database!E61 -> 117.15 | I61: =OFFSET(Database!$F61,0,COLUMN(Database!F61)*2-12) -> b.b. | J61: =OFFSET(Database!$F61,0,COLUMN(Database!G61)*2-12) -> tr | K61: =OFFSET(Database!$F61,0,COLUMN(Database!H61)*2-12) -> b.b. | L61: =OFFSET(Database!$F61,0,COLUMN(Database!I61)*2-12) -> tr | M61: =OFFSET(Database!$F61,0,COLUMN(Database!J61)*2-12) -> b.b. | N61: =OFFSET(Database!$F61,0,COLUMN(Database!K61)*2-12) -> n.r. | O61: =OFFSET(Database!$F61,0,COLUMN(Database!L61)*2-12) -> 0.11 | P61: =OFFSET(Database!$F61,0,COLUMN(Database!M61)*2-12) -> 0.19 | ... GP61: =OFFSET(Database!$F61,0,COLUMN(Database!GM61)*2-12) -> n.r.
A62: =Database!A62 -> DL-3-amino-2-ethyl propanoic acid | B62: aep | C62: =Database!B62 -> β | D62: =Database!C62 -> Both | E62: =Database!D62 -> 20 | F62: IIETA | G62: 444457 | H62: =Database!E62 -> 117.15 | I62: =OFFSET(Database!$F62,0,COLUMN(Database!F62)*2-12) -> tr | J62: =OFFSET(Database!$F62,0,COLUMN(Database!G62)*2-12) -> tr | K62: =OFFSET(Database!$F62,0,COLUMN(Database!H62)*2-12) -> tr | L62: =OFFSET(Database!$F62,0,COLUMN(Database!I62)*2-12) -> tr | M62: =OFFSET(Database!$F62,0,COLUMN(Database!J62)*2-12) -> 0.0009 | N62: =OFFSET(Database!$F62,0,COLUMN(Database!K62)*2-12) -> n.r. | O62: =OFFSET(Database!$F62,0,COLUMN(Database!L62)*2-12) -> 0.75 | P62: =OFFSET(Database!$F62,0,COLUMN(Database!M62)*2-12) -> 0.19 | ... GP62: =OFFSET(Database!$F62,0,COLUMN(Database!GM62)*2-12) -> n.r.
A63: =Database!A63 -> D-4-amino-n-pentanoic acid | B63: 4-apa | C63: =Database!B63 -> ɣ | D63: =Database!C63 -> D | E63: =Database!D63 -> 5 | F63: DIVAPEN | G63: 444458 | H63: =Database!E63 -> 117.15 | I63: =OFFSET(Database!$F63,0,COLUMN(Database!F63)*2-12) -> n.r. | J63: =OFFSET(Database!$F63,0,COLUMN(Database!G63)*2-12) -> n.r. | K63: =OFFSET(Database!$F63,0,COLUMN(Database!H63)*2-12) -> n.r. | L63: =OFFSET(Database!$F63,0,COLUMN(Database!I63)*2-12) -> n.r. | M63: =OFFSET(Database!$F63,0,COLUMN(Database!J63)*2-12) -> n.r. | N63: =OFFSET(Database!$F63,0,COLUMN(Database!K63)*2-12) -> n.r. | O63: =OFFSET(Database!$F63,0,COLUMN(Database!L63)*2-12) -> n.r. | P63: =OFFSET(Database!$F63,0,COLUMN(Database!M63)*2-12) -> n.r. | ... GP63: =OFFSET(Database!$F63,0,COLUMN(Database!GM63)*2-12) -> n.r.
A64: =Database!A64 -> L-4-amino-n-pentanoic acid | B64: 4-apa | C64: =Database!B64 -> ɣ | D64: =Database!C64 -> L | E64: =Database!D64 -> 5 | F64: LIVAPEN | G64: 5312968 | H64: =Database!E64 -> 117.15 | I64: =OFFSET(Database!$F64,0,COLUMN(Database!F64)*2-12) -> n.r. | J64: =OFFSET(Database!$F64,0,COLUMN(Database!G64)*2-12) -> n.r. | K64: =OFFSET(Database!$F64,0,COLUMN(Database!H64)*2-12) -> n.r. | L64: =OFFSET(Database!$F64,0,COLUMN(Database!I64)*2-12) -> n.r. | M64: =OFFSET(Database!$F64,0,COLUMN(Database!J64)*2-12) -> n.r. | N64: =OFFSET(Database!$F64,0,COLUMN(Database!K64)*2-12) -> n.r. | O64: =OFFSET(Database!$F64,0,COLUMN(Database!L64)*2-12) -> n.r. | P64: =OFFSET(Database!$F64,0,COLUMN(Database!M64)*2-12) -> n.r. | ... GP64: =OFFSET(Database!$F64,0,COLUMN(Database!GM64)*2-12) -> n.r.
A65: =Database!A65 -> 4-amino-n-pentanoic acid | B65: 4-apa | C65: =Database!B65 -> ɣ | D65: =Database!C65 -> Both | E65: =Database!D65 -> 31 | F65: IVAPEN | G65: 444458, 5312968 | H65: =Database!E65 -> 117.15 | I65: =OFFSET(Database!$F65,0,COLUMN(Database!F65)*2-12) -> 0.0025 | J65: =OFFSET(Database!$F65,0,COLUMN(Database!G65)*2-12) -> tr | K65: =OFFSET(Database!$F65,0,COLUMN(Database!H65)*2-12) -> 0.0028 | L65: =OFFSET(Database!$F65,0,COLUMN(Database!I65)*2-12) -> 0.0002 | M65: =OFFSET(Database!$F65,0,COLUMN(Database!J65)*2-12) -> 0.0021 | N65: =OFFSET(Database!$F65,0,COLUMN(Database!K65)*2-12) -> n.r. | O65: =OFFSET(Database!$F65,0,COLUMN(Database!L65)*2-12) -> 0.64 | P65: =OFFSET(Database!$F65,0,COLUMN(Database!M65)*2-12) -> 0.24 | ... GP65: =OFFSET(Database!$F65,0,COLUMN(Database!GM65)*2-12) -> n.r.
A66: =Database!A66 -> 4-amino-2-methyl butyric acid | B66: 4-amba-2 | C66: =Database!B66 -> ɣ | D66: =Database!C66 -> Both | E66: =Database!D66 -> 25 | F66: IIMBA | G66: 928193 | H66: =Database!E66 -> 117.15 | I66: =OFFSET(Database!$F66,0,COLUMN(Database!F66)*2-12) -> tr | J66: =OFFSET(Database!$F66,0,COLUMN(Database!G66)*2-12) -> b.b. | K66: =OFFSET(Database!$F66,0,COLUMN(Database!H66)*2-12) -> tr | L66: =OFFSET(Database!$F66,0,COLUMN(Database!I66)*2-12) -> tr | M66: =OFFSET(Database!$F66,0,COLUMN(Database!J66)*2-12) -> tr | N66: =OFFSET(Database!$F66,0,COLUMN(Database!K66)*2-12) -> n.r. | O66: =OFFSET(Database!$F66,0,COLUMN(Database!L66)*2-12) -> 0.53 | P66: =OFFSET(Database!$F66,0,COLUMN(Database!M66)*2-12) -> 0.07 | ... GP66: =OFFSET(Database!$F66,0,COLUMN(Database!GM66)*2-12) -> n.r.
A67: =Database!A67 -> 4-amino-3-methyl butyric acid | B67: 4-amba-3 | C67: =Database!B67 -> ɣ | D67: =Database!C67 -> Both | E67: =Database!D67 -> 29 | F67: IIIVMBA | G67: 3539719 | H67: =Database!E67 -> 117.15 | I67: =OFFSET(Database!$F67,0,COLUMN(Database!F67)*2-12) -> b.b. | J67: =OFFSET(Database!$F67,0,COLUMN(Database!G67)*2-12) -> b.b. | K67: =OFFSET(Database!$F67,0,COLUMN(Database!H67)*2-12) -> tr | L67: =OFFSET(Database!$F67,0,COLUMN(Database!I67)*2-12) -> b.b. | M67: =OFFSET(Database!$F67,0,COLUMN(Database!J67)*2-12) -> tr | N67: =OFFSET(Database!$F67,0,COLUMN(Database!K67)*2-12) -> n.r. | O67: =OFFSET(Database!$F67,0,COLUMN(Database!L67)*2-12) -> 0.95 | P67: =OFFSET(Database!$F67,0,COLUMN(Database!M67)*2-12) -> 0.31 | ... GP67: =OFFSET(Database!$F67,0,COLUMN(Database!GM67)*2-12) -> n.r.
A68: =Database!A68 -> 5-amino-n-pentanoic acid | B68: 5-apa | C68: =Database!B68 -> δ | D68: =Database!C68 -> Both | E68: =Database!D68 -> 59 | F68: APA | G68: 138 | H68: =Database!E68 -> 117.15 | I68: =OFFSET(Database!$F68,0,COLUMN(Database!F68)*2-12) -> 0.0042 | J68: =OFFSET(Database!$F68,0,COLUMN(Database!G68)*2-12) -> 0.0028 | K68: =OFFSET(Database!$F68,0,COLUMN(Database!H68)*2-12) -> 0.0246 | L68: =OFFSET(Database!$F68,0,COLUMN(Database!I68)*2-12) -> 0.0035 | M68: =OFFSET(Database!$F68,0,COLUMN(Database!J68)*2-12) -> 0.0026 | N68: =OFFSET(Database!$F68,0,COLUMN(Database!K68)*2-12) -> n.r. | O68: =OFFSET(Database!$F68,0,COLUMN(Database!L68)*2-12) -> 0.33 | P68: =OFFSET(Database!$F68,0,COLUMN(Database!M68)*2-12) -> 0.15 | ... GP68: =OFFSET(Database!$F68,0,COLUMN(Database!GM68)*2-12) -> n.r.
A69: =Database!A69 -> D-glutamic acid | B69: glutamic acid | C69: =Database!B69 -> ɑ | D69: =Database!C69 -> D | E69: =Database!D69 -> 71 | F69: DE | G69: 23327 | H69: =Database!E69 -> 147.3 | I69: =OFFSET(Database!$F69,0,COLUMN(Database!F69)*2-12) -> tr | J69: =OFFSET(Database!$F69,0,COLUMN(Database!G69)*2-12) -> 0.0016 | K69: =OFFSET(Database!$F69,0,COLUMN(Database!H69)*2-12) -> b.b. | L69: =OFFSET(Database!$F69,0,COLUMN(Database!I69)*2-12) -> tr | M69: =OFFSET(Database!$F69,0,COLUMN(Database!J69)*2-12) -> b.b. | N69: =OFFSET(Database!$F69,0,COLUMN(Database!K69)*2-12) -> n.r. | O69: =OFFSET(Database!$F69,0,COLUMN(Database!L69)*2-12) -> <0.06 | P69: =OFFSET(Database!$F69,0,COLUMN(Database!M69)*2-12) -> 0.31 | ... GP69: =OFFSET(Database!$F69,0,COLUMN(Database!GM69)*2-12) -> n.d.
A70: =Database!A70 -> L-glutamic acid | B70: glutamic acid | C70: =Database!B70 -> ɑ | D70: =Database!C70 -> L | E70: =Database!D70 -> 89 | F70: LE | G70: 33032 | H70: =Database!E70 -> 147.3 | I70: =OFFSET(Database!$F70,0,COLUMN(Database!F70)*2-12) -> b.b. | J70: =OFFSET(Database!$F70,0,COLUMN(Database!G70)*2-12) -> 0.0156 | K70: =OFFSET(Database!$F70,0,COLUMN(Database!H70)*2-12) -> 0.0052 | L70: =OFFSET(Database!$F70,0,COLUMN(Database!I70)*2-12) -> 0.0013 | M70: =OFFSET(Database!$F70,0,COLUMN(Database!J70)*2-12) -> b.b. | N70: =OFFSET(Database!$F70,0,COLUMN(Database!K70)*2-12) -> n.r. | O70: =OFFSET(Database!$F70,0,COLUMN(Database!L70)*2-12) -> <0.01 | P70: =OFFSET(Database!$F70,0,COLUMN(Database!M70)*2-12) -> 0.25 | ... GP70: =OFFSET(Database!$F70,0,COLUMN(Database!GM70)*2-12) -> tr.
A71: =Database!A71 -> glutamic acid | B71: glutamic acid | C71: =Database!B71 -> ɑ | D71: =Database!C71 -> Both | E71: =Database!D71 -> 68 | F71: E | G71: 23327, 33032 | H71: =Database!E71 -> 147.3 | I71: =OFFSET(Database!$F71,0,COLUMN(Database!F71)*2-12) -> n.r. | J71: =OFFSET(Database!$F71,0,COLUMN(Database!G71)*2-12) -> n.r. | K71: =OFFSET(Database!$F71,0,COLUMN(Database!H71)*2-12) -> n.r. | L71: =OFFSET(Database!$F71,0,COLUMN(Database!I71)*2-12) -> n.r. | M71: =OFFSET(Database!$F71,0,COLUMN(Database!J71)*2-12) -> n.r. | N71: =OFFSET(Database!$F71,0,COLUMN(Database!K71)*2-12) -> n.r. | O71: =OFFSET(Database!$F71,0,COLUMN(Database!L71)*2-12) -> n.r. | P71: =OFFSET(Database!$F71,0,COLUMN(Database!M71)*2-12) -> n.r. | ... GP71: =OFFSET(Database!$F71,0,COLUMN(Database!GM71)*2-12) -> n.r.
A72: =Database!A72 -> L-proline | B72: proline | C72: =Database!B72 -> ɑ | D72: =Database!C72 -> L | E72: =Database!D72 -> 3 | F72: LP | G72: 145742 | H72: =Database!E72 -> 115.13 | I72: =OFFSET(Database!$F72,0,COLUMN(Database!F72)*2-12) -> n.r. | J72: =OFFSET(Database!$F72,0,COLUMN(Database!G72)*2-12) -> n.r. | K72: =OFFSET(Database!$F72,0,COLUMN(Database!H72)*2-12) -> n.r. | L72: =OFFSET(Database!$F72,0,COLUMN(Database!I72)*2-12) -> n.r. | M72: =OFFSET(Database!$F72,0,COLUMN(Database!J72)*2-12) -> n.r. | N72: =OFFSET(Database!$F72,0,COLUMN(Database!K72)*2-12) -> n.r. | O72: =OFFSET(Database!$F72,0,COLUMN(Database!L72)*2-12) -> n.r. | P72: =OFFSET(Database!$F72,0,COLUMN(Database!M72)*2-12) -> n.r. | ... GP72: =OFFSET(Database!$F72,0,COLUMN(Database!GM72)*2-12) -> n.r.
A73: =Database!A73 -> proline | B73: proline | C73: =Database!B73 -> ɑ | D73: =Database!C73 -> Both | E73: =Database!D73 -> 57 | F73: P | G73: 8988, 145742 | H73: =Database!E73 -> 115.13 | I73: =OFFSET(Database!$F73,0,COLUMN(Database!F73)*2-12) -> n.r. | J73: =OFFSET(Database!$F73,0,COLUMN(Database!G73)*2-12) -> n.r. | K73: =OFFSET(Database!$F73,0,COLUMN(Database!H73)*2-12) -> n.r. | L73: =OFFSET(Database!$F73,0,COLUMN(Database!I73)*2-12) -> n.r. | M73: =OFFSET(Database!$F73,0,COLUMN(Database!J73)*2-12) -> n.r. | N73: =OFFSET(Database!$F73,0,COLUMN(Database!K73)*2-12) -> n.r. | O73: =OFFSET(Database!$F73,0,COLUMN(Database!L73)*2-12) -> n.r. | P73: =OFFSET(Database!$F73,0,COLUMN(Database!M73)*2-12) -> n.r. | ... GP73: =OFFSET(Database!$F73,0,COLUMN(Database!GM73)*2-12) -> n.r.
A74: =Database!A74 -> trans-4-Hydroxy-L-proline | B74: trans-4-pro | C74: =Database!B74 -> ɑ | D74: =Database!C74 -> L | E74: =Database!D74 -> 13 | F74: THP | G74: 5810 | H74: =Database!E74 -> 131.13 | I74: =OFFSET(Database!$F74,0,COLUMN(Database!F74)*2-12) -> n.r. | J74: =OFFSET(Database!$F74,0,COLUMN(Database!G74)*2-12) -> n.r. | K74: =OFFSET(Database!$F74,0,COLUMN(Database!H74)*2-12) -> n.r. | L74: =OFFSET(Database!$F74,0,COLUMN(Database!I74)*2-12) -> n.r. | M74: =OFFSET(Database!$F74,0,COLUMN(Database!J74)*2-12) -> n.r. | N74: =OFFSET(Database!$F74,0,COLUMN(Database!K74)*2-12) -> n.r. | O74: =OFFSET(Database!$F74,0,COLUMN(Database!L74)*2-12) -> n.r. | P74: =OFFSET(Database!$F74,0,COLUMN(Database!M74)*2-12) -> n.r. | ... GP74: =OFFSET(Database!$F74,0,COLUMN(Database!GM74)*2-12) -> n.r.
A75: =Database!A75 -> D-methionine | B75: methionine | C75: =Database!B75 -> ɑ | D75: =Database!C75 -> D | E75: =Database!D75 -> 5 | F75: DM | G75: 84815 | H75: =Database!E75 -> 149.21 | I75: =OFFSET(Database!$F75,0,COLUMN(Database!F75)*2-12) -> n.r. | J75: =OFFSET(Database!$F75,0,COLUMN(Database!G75)*2-12) -> n.r. | K75: =OFFSET(Database!$F75,0,COLUMN(Database!H75)*2-12) -> n.r. | L75: =OFFSET(Database!$F75,0,COLUMN(Database!I75)*2-12) -> n.r. | M75: =OFFSET(Database!$F75,0,COLUMN(Database!J75)*2-12) -> n.r. | N75: =OFFSET(Database!$F75,0,COLUMN(Database!K75)*2-12) -> n.r. | O75: =OFFSET(Database!$F75,0,COLUMN(Database!L75)*2-12) -> n.r. | P75: =OFFSET(Database!$F75,0,COLUMN(Database!M75)*2-12) -> n.r. | ... GP75: =OFFSET(Database!$F75,0,COLUMN(Database!GM75)*2-12) -> n.r.
A76: =Database!A76 -> L-methionine | B76: methionine | C76: =Database!B76 -> ɑ | D76: =Database!C76 -> L | E76: =Database!D76 -> 15 | F76: LM | G76: 6137 | H76: =Database!E76 -> 149.21 | I76: =OFFSET(Database!$F76,0,COLUMN(Database!F76)*2-12) -> n.r. | J76: =OFFSET(Database!$F76,0,COLUMN(Database!G76)*2-12) -> n.r. | K76: =OFFSET(Database!$F76,0,COLUMN(Database!H76)*2-12) -> n.r. | L76: =OFFSET(Database!$F76,0,COLUMN(Database!I76)*2-12) -> n.r. | M76: =OFFSET(Database!$F76,0,COLUMN(Database!J76)*2-12) -> n.r. | N76: =OFFSET(Database!$F76,0,COLUMN(Database!K76)*2-12) -> n.r. | O76: =OFFSET(Database!$F76,0,COLUMN(Database!L76)*2-12) -> n.r. | P76: =OFFSET(Database!$F76,0,COLUMN(Database!M76)*2-12) -> n.r. | ... GP76: =OFFSET(Database!$F76,0,COLUMN(Database!GM76)*2-12) -> n.r.
A77: =Database!A77 -> methionine | B77: methionine | C77: =Database!B77 -> ɑ | D77: =Database!C77 -> Both | E77: =Database!D77 -> 35 | F77: M | G77: 84815, 6137 | H77: =Database!E77 -> 149.21 | I77: =OFFSET(Database!$F77,0,COLUMN(Database!F77)*2-12) -> n.r. | J77: =OFFSET(Database!$F77,0,COLUMN(Database!G77)*2-12) -> n.r. | K77: =OFFSET(Database!$F77,0,COLUMN(Database!H77)*2-12) -> n.r. | L77: =OFFSET(Database!$F77,0,COLUMN(Database!I77)*2-12) -> n.r. | M77: =OFFSET(Database!$F77,0,COLUMN(Database!J77)*2-12) -> n.r. | N77: =OFFSET(Database!$F77,0,COLUMN(Database!K77)*2-12) -> n.r. | O77: =OFFSET(Database!$F77,0,COLUMN(Database!L77)*2-12) -> n.r. | P77: =OFFSET(Database!$F77,0,COLUMN(Database!M77)*2-12) -> n.r. | ... GP77: =OFFSET(Database!$F77,0,COLUMN(Database!GM77)*2-12) -> n.r.
A78: =Database!A78 -> D-glutamine | B78: glutamine | C78: =Database!B78 -> ɑ | D78: =Database!C78 -> D | E78: =Database!D78 -> 2 | F78: DQ | G78: 145815 | H78: =Database!E78 -> 146.15 | I78: =OFFSET(Database!$F78,0,COLUMN(Database!F78)*2-12) -> n.r. | J78: =OFFSET(Database!$F78,0,COLUMN(Database!G78)*2-12) -> n.r. | K78: =OFFSET(Database!$F78,0,COLUMN(Database!H78)*2-12) -> n.r. | L78: =OFFSET(Database!$F78,0,COLUMN(Database!I78)*2-12) -> n.r. | M78: =OFFSET(Database!$F78,0,COLUMN(Database!J78)*2-12) -> n.r. | N78: =OFFSET(Database!$F78,0,COLUMN(Database!K78)*2-12) -> n.r. | O78: =OFFSET(Database!$F78,0,COLUMN(Database!L78)*2-12) -> n.r. | P78: =OFFSET(Database!$F78,0,COLUMN(Database!M78)*2-12) -> n.r. | ... GP78: =OFFSET(Database!$F78,0,COLUMN(Database!GM78)*2-12) -> n.r.
A79: =Database!A79 -> L-glutamine | B79: glutamine | C79: =Database!B79 -> ɑ | D79: =Database!C79 -> L | E79: =Database!D79 -> 8 | F79: LQ | G79: 5961 | H79: =Database!E79 -> 146.15 | I79: =OFFSET(Database!$F79,0,COLUMN(Database!F79)*2-12) -> n.r. | J79: =OFFSET(Database!$F79,0,COLUMN(Database!G79)*2-12) -> n.r. | K79: =OFFSET(Database!$F79,0,COLUMN(Database!H79)*2-12) -> n.r. | L79: =OFFSET(Database!$F79,0,COLUMN(Database!I79)*2-12) -> n.r. | M79: =OFFSET(Database!$F79,0,COLUMN(Database!J79)*2-12) -> n.r. | N79: =OFFSET(Database!$F79,0,COLUMN(Database!K79)*2-12) -> n.r. | O79: =OFFSET(Database!$F79,0,COLUMN(Database!L79)*2-12) -> n.r. | P79: =OFFSET(Database!$F79,0,COLUMN(Database!M79)*2-12) -> n.r. | ... GP79: =OFFSET(Database!$F79,0,COLUMN(Database!GM79)*2-12) -> n.r.
A80: =Database!A80 -> glutamine | B80: glutamine | C80: =Database!B80 -> ɑ | D80: =Database!C80 -> Both | E80: =Database!D80 -> 5 | F80: Q | G80: 145815, 5961 | H80: =Database!E80 -> 146.15 | I80: =OFFSET(Database!$F80,0,COLUMN(Database!F80)*2-12) -> n.r. | J80: =OFFSET(Database!$F80,0,COLUMN(Database!G80)*2-12) -> n.r. | K80: =OFFSET(Database!$F80,0,COLUMN(Database!H80)*2-12) -> n.r. | L80: =OFFSET(Database!$F80,0,COLUMN(Database!I80)*2-12) -> n.r. | M80: =OFFSET(Database!$F80,0,COLUMN(Database!J80)*2-12) -> n.r. | N80: =OFFSET(Database!$F80,0,COLUMN(Database!K80)*2-12) -> n.r. | O80: =OFFSET(Database!$F80,0,COLUMN(Database!L80)*2-12) -> n.r. | P80: =OFFSET(Database!$F80,0,COLUMN(Database!M80)*2-12) -> n.r. | ... GP80: =OFFSET(Database!$F80,0,COLUMN(Database!GM80)*2-12) -> n.r.
A81: =Database!A81 -> ornithine | B81: ornithine | C81: =Database!B81 -> ɑ | D81: =Database!C81 -> Both | E81: =Database!D81 -> 12 | F81: O | G81: 71082, 6262 | H81: =Database!E81 -> 132.16 | I81: =OFFSET(Database!$F81,0,COLUMN(Database!F81)*2-12) -> n.r. | J81: =OFFSET(Database!$F81,0,COLUMN(Database!G81)*2-12) -> n.r. | K81: =OFFSET(Database!$F81,0,COLUMN(Database!H81)*2-12) -> n.r. | L81: =OFFSET(Database!$F81,0,COLUMN(Database!I81)*2-12) -> n.r. | M81: =OFFSET(Database!$F81,0,COLUMN(Database!J81)*2-12) -> n.r. | N81: =OFFSET(Database!$F81,0,COLUMN(Database!K81)*2-12) -> n.r. | O81: =OFFSET(Database!$F81,0,COLUMN(Database!L81)*2-12) -> n.r. | P81: =OFFSET(Database!$F81,0,COLUMN(Database!M81)*2-12) -> n.r. | ... GP81: =OFFSET(Database!$F81,0,COLUMN(Database!GM81)*2-12) -> n.r.
A82: =Database!A82 -> D-β-(Aminomethyl)-succinic acid | B82: beta-amsa | C82: =Database!B82 -> β | D82: =Database!C82 -> D | E82: =Database!D82 -> 2 | F82: DASA | G82: 2424 | H82: =Database!E82 -> 147.13 | I82: =OFFSET(Database!$F82,0,COLUMN(Database!F82)*2-12) -> n.r. | J82: =OFFSET(Database!$F82,0,COLUMN(Database!G82)*2-12) -> n.r. | K82: =OFFSET(Database!$F82,0,COLUMN(Database!H82)*2-12) -> n.r. | L82: =OFFSET(Database!$F82,0,COLUMN(Database!I82)*2-12) -> n.r. | M82: =OFFSET(Database!$F82,0,COLUMN(Database!J82)*2-12) -> n.r. | N82: =OFFSET(Database!$F82,0,COLUMN(Database!K82)*2-12) -> n.r. | O82: =OFFSET(Database!$F82,0,COLUMN(Database!L82)*2-12) -> n.r. | P82: =OFFSET(Database!$F82,0,COLUMN(Database!M82)*2-12) -> n.r. | ... GP82: =OFFSET(Database!$F82,0,COLUMN(Database!GM82)*2-12) -> 12.91375
A83: =Database!A83 -> L-β-(Aminomethyl)-succinic acid | B83: beta-amsa | C83: =Database!B83 -> β | D83: =Database!C83 -> L | E83: =Database!D83 -> 2 | F83: LASA | G83: 2425 | H83: =Database!E83 -> 147.13 | I83: =OFFSET(Database!$F83,0,COLUMN(Database!F83)*2-12) -> n.r. | J83: =OFFSET(Database!$F83,0,COLUMN(Database!G83)*2-12) -> n.r. | K83: =OFFSET(Database!$F83,0,COLUMN(Database!H83)*2-12) -> n.r. | L83: =OFFSET(Database!$F83,0,COLUMN(Database!I83)*2-12) -> n.r. | M83: =OFFSET(Database!$F83,0,COLUMN(Database!J83)*2-12) -> n.r. | N83: =OFFSET(Database!$F83,0,COLUMN(Database!K83)*2-12) -> n.r. | O83: =OFFSET(Database!$F83,0,COLUMN(Database!L83)*2-12) -> n.r. | P83: =OFFSET(Database!$F83,0,COLUMN(Database!M83)*2-12) -> n.r. | ... GP83: =OFFSET(Database!$F83,0,COLUMN(Database!GM83)*2-12) -> 16.312105
A84: =Database!A84 -> D-aminoadipic acid | B84: aminoadipic acid | C84: =Database!B84 -> ɑ | D84: =Database!C84 -> D | E84: =Database!D84 -> 1 | F84: DADA | G84: 165627 | H84: =Database!E84 -> 161.17 | I84: =OFFSET(Database!$F84,0,COLUMN(Database!F84)*2-12) -> n.r. | J84: =OFFSET(Database!$F84,0,COLUMN(Database!G84)*2-12) -> n.r. | K84: =OFFSET(Database!$F84,0,COLUMN(Database!H84)*2-12) -> n.r. | L84: =OFFSET(Database!$F84,0,COLUMN(Database!I84)*2-12) -> n.r. | M84: =OFFSET(Database!$F84,0,COLUMN(Database!J84)*2-12) -> n.r. | N84: =OFFSET(Database!$F84,0,COLUMN(Database!K84)*2-12) -> n.r. | O84: =OFFSET(Database!$F84,0,COLUMN(Database!L84)*2-12) -> n.r. | P84: =OFFSET(Database!$F84,0,COLUMN(Database!M84)*2-12) -> n.r. | ... GP84: =OFFSET(Database!$F84,0,COLUMN(Database!GM84)*2-12) -> n.d.
A85: =Database!A85 -> L-aminoadipic acid | B85: aminoadipic acid | C85: =Database!B85 -> ɑ | D85: =Database!C85 -> L | E85: =Database!D85 -> 1 | F85: LADA | G85: 92136 | H85: =Database!E85 -> 161.17 | I85: =OFFSET(Database!$F85,0,COLUMN(Database!F85)*2-12) -> n.r. | J85: =OFFSET(Database!$F85,0,COLUMN(Database!G85)*2-12) -> n.r. | K85: =OFFSET(Database!$F85,0,COLUMN(Database!H85)*2-12) -> n.r. | L85: =OFFSET(Database!$F85,0,COLUMN(Database!I85)*2-12) -> n.r. | M85: =OFFSET(Database!$F85,0,COLUMN(Database!J85)*2-12) -> n.r. | N85: =OFFSET(Database!$F85,0,COLUMN(Database!K85)*2-12) -> n.r. | O85: =OFFSET(Database!$F85,0,COLUMN(Database!L85)*2-12) -> n.r. | P85: =OFFSET(Database!$F85,0,COLUMN(Database!M85)*2-12) -> n.r. | ... GP85: =OFFSET(Database!$F85,0,COLUMN(Database!GM85)*2-12) -> n.d.
A86: =Database!A86 -> pipeloic acid | B86: pipeloic acid | C86: =Database!B86 -> ɑ | D86: =Database!C86 -> Both | E86: =Database!D86 -> 12 | F86: PA | G86: 736316, 439227 | H86: =Database!E86 -> 129.16 | I86: =OFFSET(Database!$F86,0,COLUMN(Database!F86)*2-12) -> n.r. | J86: =OFFSET(Database!$F86,0,COLUMN(Database!G86)*2-12) -> n.r. | K86: =OFFSET(Database!$F86,0,COLUMN(Database!H86)*2-12) -> n.r. | L86: =OFFSET(Database!$F86,0,COLUMN(Database!I86)*2-12) -> n.r. | M86: =OFFSET(Database!$F86,0,COLUMN(Database!J86)*2-12) -> n.r. | N86: =OFFSET(Database!$F86,0,COLUMN(Database!K86)*2-12) -> n.r. | O86: =OFFSET(Database!$F86,0,COLUMN(Database!L86)*2-12) -> n.r. | P86: =OFFSET(Database!$F86,0,COLUMN(Database!M86)*2-12) -> n.r. | ... GP86: =OFFSET(Database!$F86,0,COLUMN(Database!GM86)*2-12) -> n.r.
A87: =Database!A87 -> trans-5-Hydroxy-L-pipecolic acid | B87: trans-5-pipe | C87: =Database!B87 -> ɑ | D87: =Database!C87 -> L | E87: =Database!D87 -> 12 | F87: THPA | G87: 11367380 | H87: =Database!E87 -> 145.16 | I87: =OFFSET(Database!$F87,0,COLUMN(Database!F87)*2-12) -> n.r. | J87: =OFFSET(Database!$F87,0,COLUMN(Database!G87)*2-12) -> n.r. | K87: =OFFSET(Database!$F87,0,COLUMN(Database!H87)*2-12) -> n.r. | L87: =OFFSET(Database!$F87,0,COLUMN(Database!I87)*2-12) -> n.r. | M87: =OFFSET(Database!$F87,0,COLUMN(Database!J87)*2-12) -> n.r. | N87: =OFFSET(Database!$F87,0,COLUMN(Database!K87)*2-12) -> n.r. | O87: =OFFSET(Database!$F87,0,COLUMN(Database!L87)*2-12) -> n.r. | P87: =OFFSET(Database!$F87,0,COLUMN(Database!M87)*2-12) -> n.r. | ... GP87: =OFFSET(Database!$F87,0,COLUMN(Database!GM87)*2-12) -> n.r.
A88: =Database!A88 -> ε-aminocaproic acid | B88: eaca | C88: =Database!B88 -> ε | D88: =Database!C88 -> Both | E88: =Database!D88 -> 83 | F88: EACA | G88: 564 | H88: =Database!E88 -> 131.17 | I88: =OFFSET(Database!$F88,0,COLUMN(Database!F88)*2-12) -> tr | J88: =OFFSET(Database!$F88,0,COLUMN(Database!G88)*2-12) -> 0.005 | K88: =OFFSET(Database!$F88,0,COLUMN(Database!H88)*2-12) -> tr | L88: =OFFSET(Database!$F88,0,COLUMN(Database!I88)*2-12) -> 0.0028 | M88: =OFFSET(Database!$F88,0,COLUMN(Database!J88)*2-12) -> n.d. | N88: =OFFSET(Database!$F88,0,COLUMN(Database!K88)*2-12) -> n.r. | O88: =OFFSET(Database!$F88,0,COLUMN(Database!L88)*2-12) -> 30 | P88: =OFFSET(Database!$F88,0,COLUMN(Database!M88)*2-12) -> 4.11 | ... GP88: =OFFSET(Database!$F88,0,COLUMN(Database!GM88)*2-12) -> n.r.
A89: =Database!A89 -> D-leucine | B89: leucine | C89: =Database!B89 -> ɑ | D89: =Database!C89 -> D | E89: =Database!D89 -> 15 | F89: DL | G89: 439524 | H89: =Database!E89 -> 131.17 | I89: =OFFSET(Database!$F89,0,COLUMN(Database!F89)*2-12) -> tr | J89: =OFFSET(Database!$F89,0,COLUMN(Database!G89)*2-12) -> tr | K89: =OFFSET(Database!$F89,0,COLUMN(Database!H89)*2-12) -> b.b. | L89: =OFFSET(Database!$F89,0,COLUMN(Database!I89)*2-12) -> tr | M89: =OFFSET(Database!$F89,0,COLUMN(Database!J89)*2-12) -> tr | N89: =OFFSET(Database!$F89,0,COLUMN(Database!K89)*2-12) -> n.r. | O89: =OFFSET(Database!$F89,0,COLUMN(Database!L89)*2-12) -> n.r. | P89: =OFFSET(Database!$F89,0,COLUMN(Database!M89)*2-12) -> n.r. | ... GP89: =OFFSET(Database!$F89,0,COLUMN(Database!GM89)*2-12) -> n.d.
A90: =Database!A90 -> L-leucine | B90: leucine | C90: =Database!B90 -> ɑ | D90: =Database!C90 -> L | E90: =Database!D90 -> 34 | F90: LL | G90: 6106 | H90: =Database!E90 -> 131.17 | I90: =OFFSET(Database!$F90,0,COLUMN(Database!F90)*2-12) -> 0.0016 | J90: =OFFSET(Database!$F90,0,COLUMN(Database!G90)*2-12) -> 0.0096 | K90: =OFFSET(Database!$F90,0,COLUMN(Database!H90)*2-12) -> 0.0081 | L90: =OFFSET(Database!$F90,0,COLUMN(Database!I90)*2-12) -> 0.0009 | M90: =OFFSET(Database!$F90,0,COLUMN(Database!J90)*2-12) -> tr | N90: =OFFSET(Database!$F90,0,COLUMN(Database!K90)*2-12) -> n.r. | O90: =OFFSET(Database!$F90,0,COLUMN(Database!L90)*2-12) -> n.r. | P90: =OFFSET(Database!$F90,0,COLUMN(Database!M90)*2-12) -> n.r. | ... GP90: =OFFSET(Database!$F90,0,COLUMN(Database!GM90)*2-12) -> tr.
A91: =Database!A91 -> leucine | B91: leucine | C91: =Database!B91 -> ɑ | D91: =Database!C91 -> Both | E91: =Database!D91 -> 54 | F91: L | G91: 439524, 6106 | H91: =Database!E91 -> 131.17 | I91: =OFFSET(Database!$F91,0,COLUMN(Database!F91)*2-12) -> n.r. | J91: =OFFSET(Database!$F91,0,COLUMN(Database!G91)*2-12) -> n.r. | K91: =OFFSET(Database!$F91,0,COLUMN(Database!H91)*2-12) -> n.r. | L91: =OFFSET(Database!$F91,0,COLUMN(Database!I91)*2-12) -> n.r. | M91: =OFFSET(Database!$F91,0,COLUMN(Database!J91)*2-12) -> n.r. | N91: =OFFSET(Database!$F91,0,COLUMN(Database!K91)*2-12) -> n.r. | O91: =OFFSET(Database!$F91,0,COLUMN(Database!L91)*2-12) -> n.r. | P91: =OFFSET(Database!$F91,0,COLUMN(Database!M91)*2-12) -> n.r. | ... GP91: =OFFSET(Database!$F91,0,COLUMN(Database!GM91)*2-12) -> n.r.
A92: =Database!A92 -> D-isoleucine | B92: isoleucine | C92: =Database!B92 -> ɑ | D92: =Database!C92 -> D | E92: =Database!D92 -> 8 | F92: DI | G92: 76551 | H92: =Database!E92 -> 131.17 | I92: =OFFSET(Database!$F92,0,COLUMN(Database!F92)*2-12) -> tr | J92: =OFFSET(Database!$F92,0,COLUMN(Database!G92)*2-12) -> tr | K92: =OFFSET(Database!$F92,0,COLUMN(Database!H92)*2-12) -> b.b. | L92: =OFFSET(Database!$F92,0,COLUMN(Database!I92)*2-12) -> tr | M92: =OFFSET(Database!$F92,0,COLUMN(Database!J92)*2-12) -> b.b. | N92: =OFFSET(Database!$F92,0,COLUMN(Database!K92)*2-12) -> n.r. | O92: =OFFSET(Database!$F92,0,COLUMN(Database!L92)*2-12) -> n.r. | P92: =OFFSET(Database!$F92,0,COLUMN(Database!M92)*2-12) -> n.r. | ... GP92: =OFFSET(Database!$F92,0,COLUMN(Database!GM92)*2-12) -> n.r.
A93: =Database!A93 -> L-isoleucine | B93: isoleucine | C93: =Database!B93 -> ɑ | D93: =Database!C93 -> L | E93: =Database!D93 -> 25 | F93: LI | G93: 6306 | H93: =Database!E93 -> 131.17 | I93: =OFFSET(Database!$F93,0,COLUMN(Database!F93)*2-12) -> 0.0018 | J93: =OFFSET(Database!$F93,0,COLUMN(Database!G93)*2-12) -> 0.0149 | K93: =OFFSET(Database!$F93,0,COLUMN(Database!H93)*2-12) -> 0.0131 | L93: =OFFSET(Database!$F93,0,COLUMN(Database!I93)*2-12) -> 0.0014 | M93: =OFFSET(Database!$F93,0,COLUMN(Database!J93)*2-12) -> tr | N93: =OFFSET(Database!$F93,0,COLUMN(Database!K93)*2-12) -> n.r. | O93: =OFFSET(Database!$F93,0,COLUMN(Database!L93)*2-12) -> n.r. | P93: =OFFSET(Database!$F93,0,COLUMN(Database!M93)*2-12) -> n.r. | ... GP93: =OFFSET(Database!$F93,0,COLUMN(Database!GM93)*2-12) -> tr.
A94: =Database!A94 -> isoleucine | B94: isoleucine | C94: =Database!B94 -> ɑ | D94: =Database!C94 -> Both | E94: =Database!D94 -> 57 | F94: I | G94: 76551, 6306 | H94: =Database!E94 -> 131.17 | I94: =OFFSET(Database!$F94,0,COLUMN(Database!F94)*2-12) -> n.r. | J94: =OFFSET(Database!$F94,0,COLUMN(Database!G94)*2-12) -> n.r. | K94: =OFFSET(Database!$F94,0,COLUMN(Database!H94)*2-12) -> n.r. | L94: =OFFSET(Database!$F94,0,COLUMN(Database!I94)*2-12) -> n.r. | M94: =OFFSET(Database!$F94,0,COLUMN(Database!J94)*2-12) -> n.r. | N94: =OFFSET(Database!$F94,0,COLUMN(Database!K94)*2-12) -> n.r. | O94: =OFFSET(Database!$F94,0,COLUMN(Database!L94)*2-12) -> n.r. | P94: =OFFSET(Database!$F94,0,COLUMN(Database!M94)*2-12) -> n.r. | ... GP94: =OFFSET(Database!$F94,0,COLUMN(Database!GM94)*2-12) -> n.r.
A95: =Database!A95 -> alloisoleucine | B95: alloisoleucine | C95: =Database!B95 -> ɑ | D95: =Database!C95 -> Both | E95: =Database!D95 -> 9 | F95: AIL | G95: 94206, 99288 | H95: =Database!E95 -> 131.17 | I95: =OFFSET(Database!$F95,0,COLUMN(Database!F95)*2-12) -> n.r. | J95: =OFFSET(Database!$F95,0,COLUMN(Database!G95)*2-12) -> n.r. | K95: =OFFSET(Database!$F95,0,COLUMN(Database!H95)*2-12) -> n.r. | L95: =OFFSET(Database!$F95,0,COLUMN(Database!I95)*2-12) -> n.r. | M95: =OFFSET(Database!$F95,0,COLUMN(Database!J95)*2-12) -> n.r. | N95: =OFFSET(Database!$F95,0,COLUMN(Database!K95)*2-12) -> n.r. | O95: =OFFSET(Database!$F95,0,COLUMN(Database!L95)*2-12) -> n.r. | P95: =OFFSET(Database!$F95,0,COLUMN(Database!M95)*2-12) -> n.r. | ... GP95: =OFFSET(Database!$F95,0,COLUMN(Database!GM95)*2-12) -> n.r.
A96: =Database!A96 -> D-lysine | B96: lysine | C96: =Database!B96 -> ɑ | D96: =Database!C96 -> D | E96: =Database!D96 -> 5 | F96: DK | G96: 57449 | H96: =Database!E96 -> 146.19 | I96: =OFFSET(Database!$F96,0,COLUMN(Database!F96)*2-12) -> n.r. | J96: =OFFSET(Database!$F96,0,COLUMN(Database!G96)*2-12) -> n.r. | K96: =OFFSET(Database!$F96,0,COLUMN(Database!H96)*2-12) -> n.r. | L96: =OFFSET(Database!$F96,0,COLUMN(Database!I96)*2-12) -> n.r. | M96: =OFFSET(Database!$F96,0,COLUMN(Database!J96)*2-12) -> n.r. | N96: =OFFSET(Database!$F96,0,COLUMN(Database!K96)*2-12) -> n.r. | O96: =OFFSET(Database!$F96,0,COLUMN(Database!L96)*2-12) -> n.r. | P96: =OFFSET(Database!$F96,0,COLUMN(Database!M96)*2-12) -> n.r. | ... GP96: =OFFSET(Database!$F96,0,COLUMN(Database!GM96)*2-12) -> n.r.
A97: =Database!A97 -> L-lysine | B97: lysine | C97: =Database!B97 -> ɑ | D97: =Database!C97 -> L | E97: =Database!D97 -> 19 | F97: LK | G97: 5962 | H97: =Database!E97 -> 146.19 | I97: =OFFSET(Database!$F97,0,COLUMN(Database!F97)*2-12) -> n.r. | J97: =OFFSET(Database!$F97,0,COLUMN(Database!G97)*2-12) -> n.r. | K97: =OFFSET(Database!$F97,0,COLUMN(Database!H97)*2-12) -> n.r. | L97: =OFFSET(Database!$F97,0,COLUMN(Database!I97)*2-12) -> n.r. | M97: =OFFSET(Database!$F97,0,COLUMN(Database!J97)*2-12) -> n.r. | N97: =OFFSET(Database!$F97,0,COLUMN(Database!K97)*2-12) -> n.r. | O97: =OFFSET(Database!$F97,0,COLUMN(Database!L97)*2-12) -> n.r. | P97: =OFFSET(Database!$F97,0,COLUMN(Database!M97)*2-12) -> n.r. | ... GP97: =OFFSET(Database!$F97,0,COLUMN(Database!GM97)*2-12) -> n.r.
A98: =Database!A98 -> lysine | B98: lysine | C98: =Database!B98 -> ɑ | D98: =Database!C98 -> Both | E98: =Database!D98 -> 49 | F98: K | G98: 57449, 5962 | H98: =Database!E98 -> 146.19 | I98: =OFFSET(Database!$F98,0,COLUMN(Database!F98)*2-12) -> n.r. | J98: =OFFSET(Database!$F98,0,COLUMN(Database!G98)*2-12) -> n.r. | K98: =OFFSET(Database!$F98,0,COLUMN(Database!H98)*2-12) -> n.r. | L98: =OFFSET(Database!$F98,0,COLUMN(Database!I98)*2-12) -> n.r. | M98: =OFFSET(Database!$F98,0,COLUMN(Database!J98)*2-12) -> n.r. | N98: =OFFSET(Database!$F98,0,COLUMN(Database!K98)*2-12) -> n.r. | O98: =OFFSET(Database!$F98,0,COLUMN(Database!L98)*2-12) -> n.r. | P98: =OFFSET(Database!$F98,0,COLUMN(Database!M98)*2-12) -> n.r. | ... GP98: =OFFSET(Database!$F98,0,COLUMN(Database!GM98)*2-12) -> n.r.
A99: =Database!A99 -> hydroxylysine | B99: hydroxylysine | C99: =Database!B99 -> ɑ | D99: =Database!C99 -> Both | E99: =Database!D99 -> 12 | F99: HK | G99: 3032849, 3032850 | H99: =Database!E99 -> 162.19 | I99: =OFFSET(Database!$F99,0,COLUMN(Database!F99)*2-12) -> n.r. | J99: =OFFSET(Database!$F99,0,COLUMN(Database!G99)*2-12) -> n.r. | K99: =OFFSET(Database!$F99,0,COLUMN(Database!H99)*2-12) -> n.r. | L99: =OFFSET(Database!$F99,0,COLUMN(Database!I99)*2-12) -> n.r. | M99: =OFFSET(Database!$F99,0,COLUMN(Database!J99)*2-12) -> n.r. | N99: =OFFSET(Database!$F99,0,COLUMN(Database!K99)*2-12) -> n.r. | O99: =OFFSET(Database!$F99,0,COLUMN(Database!L99)*2-12) -> n.r. | P99: =OFFSET(Database!$F99,0,COLUMN(Database!M99)*2-12) -> n.r. | ... GP99: =OFFSET(Database!$F99,0,COLUMN(Database!GM99)*2-12) -> n.r.
A100: =Database!A100 -> L-histidine | B100: histidine | C100: =Database!B100 -> ɑ | D100: =Database!C100 -> L | E100: =Database!D100 -> 6 | F100: LH | G100: 6274 | H100: =Database!E100 -> 155.15 | I100: =OFFSET(Database!$F100,0,COLUMN(Database!F100)*2-12) -> n.r. | J100: =OFFSET(Database!$F100,0,COLUMN(Database!G100)*2-12) -> n.r. | K100: =OFFSET(Database!$F100,0,COLUMN(Database!H100)*2-12) -> n.r. | L100: =OFFSET(Database!$F100,0,COLUMN(Database!I100)*2-12) -> n.r. | M100: =OFFSET(Database!$F100,0,COLUMN(Database!J100)*2-12) -> n.r. | N100: =OFFSET(Database!$F100,0,COLUMN(Database!K100)*2-12) -> n.r. | O100: =OFFSET(Database!$F100,0,COLUMN(Database!L100)*2-12) -> n.r. | P100: =OFFSET(Database!$F100,0,COLUMN(Database!M100)*2-12) -> n.r. | ... GP100: =OFFSET(Database!$F100,0,COLUMN(Database!GM100)*2-12) -> n.r.
...

Sheet MATLAB_Distributions
A1: ID | B1: Category | C1: Subcategory | D1: Experimental conditions | E1: glycine | F1: taurine | G1: D-alanine | H1: L-alanine | I1: alanine | J1: β-alanine | K1: sarcosine | L1: D-serine | M1: L-serine | N1: serine | O1: isoserine | P1: D-cysteine | Q1: L-cysteine | R1: cysteine | S1: D-aspartic acid | T1: L-aspartic acid | U1: aspartic acid | V1: β-OH-Asp | W1: D-threonine | X1: L-threonine | Y1: threonine | Z1: isothreonine | AA1: D-allo-threonine | AB1: L-allo-threonine | AC1: allo-threonine | AD1: D-ɑ-ABA | AE1: L-ɑ-ABA | AF1: ɑ-ABA | AG1: D-βABA | AH1: L-βABA | AI1: βABA | AJ1: GABA | AK1: ɑ-AIB | AL1: D-βAIB | AM1: L-βAIB | AN1: βAIB | AO1: ACPA | AP1: 4-ahba-2 | AQ1: D-4-ahba-3 | AR1: L-4-ahba-3 | AS1: 2-Me-Ser | AT1: D-homoserine | AU1: L-homoserine | AV1: homoserine | AW1: β-homoserine | AX1: ahmpa | AY1: L-asparagine | AZ1: asparagine | BA1: S-methylcys | BB1: homocysteic acid | BC1: D-valine | BD1: L-valine | BE1: valine | BF1: D-isovaline | BG1: L-isovaline | BH1: isovaline | BI1: D-norvaline | BJ1: L-norvaline | BK1: norvaline | BL1: D-3-apa | BM1: L-3-apa | BN1: 3-apa | BO1: 3-amba-3 | BP1: 2-dpa | BQ1: D-4-apa | BR1: L-4-apa | BS1: 4-apa | BT1: 4-amba-2 | BU1: 4-amba-3 | BV1: 5-apa | BW1: D-glutamic acid | BX1: L-glutamic acid | BY1: glutamic acid | BZ1: L-proline | CA1: proline | CB1: trans-4-pro | CC1: D-methionine | CD1: L-methionine | CE1: methionine | CF1: met sulfoxide | CG1: met sulfone | CH1: D-glutamine | CI1: L-glutamine | CJ1: glutamine | CK1: ornithine | CL1: D-β-amsa | CM1: L-β-amsa | CN1: β-amsa | CO1: D-ɑ-AAA | CP1: L-ɑ-AAA | CQ1: ɑ-AAA | CR1: pipeloic acid | CS1: trans-5-pipe | CT1: εaca | CU1: D-leucine | CV1: L-leucine | CW1: leucine | CX1: D-isoleucine | CY1: L-isoleucine | CZ1: isoleucine | DA1: allo-isoleucine | DB1: D-lysine | DC1: L-lysine | DD1: lysine | DE1: 5-hydroxylysine | DF1: 2-Me-Glu | DG1: L-histidine | DH1: histidine | DI1: D-arginine | DJ1: L-arginine | DK1: arginine | DL1: D-phenylalanine | DM1: L-phenylalanine | DN1: phenylalanine | DO1: D-tyrosine | DP1: L-tyrosine | DQ1: tyrosine | DR1: D-tryptophan | DS1: L-tryptophan | DT1: tryptophan | DU1: Ref.
A2: HE-SD1 | B2: Hadean Earth | C2: Classic Experiment | D2: Miller spark discharge apparatus, CH4 (200 torr), NH3 (200 torr), H2 (100 torr), 500 mL H2O | E2: 1 | F2: 4 | G2: 1 | H2: 1 | I2: 4 | J2: 1 | K2: 4 | L2: 1 | M2: 1 | N2: 4 | O2: 2 | P2: 4 | Q2: 4 | R2: 4 | S2: 4 | T2: 4 | U2: 1 | V2: 2 | W2: 4 | X2: 4 | Y2: 4 | Z2: 4 | AA2: 4 | AB2: 4 | AC2: 4 | AD2: 4 | AE2: 4 | AF2: 1 | AG2: 1 | AH2: 1 | AI2: 4 | AJ2: 1 | AK2: 1 | AL2: 1 | AM2: 1 | AN2: 4 | AO2: 4 | AP2: 4 | AQ2: 4 | AR2: 4 | AS2: 2 | AT2: 4 | AU2: 4 | AV2: 2 | AW2: 4 | AX2: 4 | AY2: 4 | AZ2: 4 | BA2: 4 | BB2: 4 | BC2: 4 | BD2: 4 | BE2: 1 | BF2: 1 | BG2: 1 | BH2: 4 | BI2: 4 | BJ2: 4 | BK2: 1 | BL2: 4 | BM2: 4 | BN2: 4 | BO2: 4 | BP2: 4 | BQ2: 4 | BR2: 4 | BS2: 4 | BT2: 4 | BU2: 4 | BV2: 4 | BW2: 1 | BX2: 1 | BY2: 4 | BZ2: 4 | CA2: 4 | CB2: 4 | CC2: 4 | CD2: 4 | CE2: 4 | CF2: 4 | CG2: 4 | CH2: 4 | CI2: 4 | CJ2: 4 | CK2: 2 | CL2: 4 | CM2: 4 | CN2: 4 | CO2: 4 | CP2: 4 | CQ2: 2 | CR2: 4 | CS2: 4 | CT2: 4 | CU2: 4 | CV2: 4 | CW2: 4 | CX2: 4 | CY2: 4 | CZ2: 4 | DA2: 4 | DB2: 4 | DC2: 4 | DD2: 4 | DE2: 4 | DF2: 2 | DG2: 4 | DH2: 4 | DI2: 4 | DJ2: 4 | DK2: 4 | DL2: 4 | DM2: 4 | DN2: 2 | DO2: 4 | DP2: 4 | DQ2: 4 | DR2: 4 | DS2: 4 | DT2: 4 | DU2: Johnson et al. 2008
A3: HE-SD2 | B3: Hadean Earth | C3: Volcanic Experiment | D3: Miller spark discharge apparatus + aspirating nozzle, CH4 (200 torr), NH3 (200 torr), H2 (100 torr), 500 mL H2O | E3: 1 | F3: 4 | G3: 1 | H3: 1 | I3: 4 | J3: 1 | K3: 4 | L3: 1 | M3: 1 | N3: 4 | O3: 1 | P3: 4 | Q3: 4 | R3: 4 | S3: 4 | T3: 4 | U3: 1 | V3: 1 | W3: 4 | X3: 4 | Y3: 4 | Z3: 4 | AA3: 4 | AB3: 4 | AC3: 4 | AD3: 4 | AE3: 4 | AF3: 1 | AG3: 1 | AH3: 1 | AI3: 4 | AJ3: 1 | AK3: 1 | AL3: 1 | AM3: 1 | AN3: 4 | AO3: 4 | AP3: 4 | AQ3: 4 | AR3: 4 | AS3: 1 | AT3: 4 | AU3: 4 | AV3: 1 | AW3: 4 | AX3: 4 | AY3: 4 | AZ3: 4 | BA3: 4 | BB3: 4 | BC3: 4 | BD3: 4 | BE3: 1 | BF3: 1 | BG3: 1 | BH3: 4 | BI3: 4 | BJ3: 4 | BK3: 1 | BL3: 4 | BM3: 4 | BN3: 4 | BO3: 4 | BP3: 4 | BQ3: 4 | BR3: 4 | BS3: 4 | BT3: 4 | BU3: 4 | BV3: 4 | BW3: 1 | BX3: 1 | BY3: 4 | BZ3: 4 | CA3: 4 | CB3: 4 | CC3: 4 | CD3: 4 | CE3: 4 | CF3: 4 | CG3: 4 | CH3: 4 | CI3: 4 | CJ3: 4 | CK3: 1 | CL3: 4 | CM3: 4 | CN3: 4 | CO3: 4 | CP3: 4 | CQ3: 1 | CR3: 4 | CS3: 4 | CT3: 4 | CU3: 4 | CV3: 4 | CW3: 4 | CX3: 4 | CY3: 4 | CZ3: 4 | DA3: 4 | DB3: 4 | DC3: 4 | DD3: 4 | DE3: 4 | DF3: 1 | DG3: 4 | DH3: 4 | DI3: 4 | DJ3: 4 | DK3: 4 | DL3: 4 | DM3: 4 | DN3: 1 | DO3: 4 | DP3: 4 | DQ3: 4 | DR3: 4 | DS3: 4 | DT3: 4 | DU3: Johnson et al. 2008
A4: HE-SD3 | B4: Hadean Earth | C4: Silent Experiment | D4: Miller spark discharge apparatus + aspirator device, CH4 (200 torr), NH3 (200 torr), H2 (100 torr), 500 mL H2O | E4: 1 | F4: 4 | G4: 1 | H4: 1 | I4: 4 | J4: 1 | K4: 4 | L4: 1 | M4: 1 | N4: 4 | O4: 2 | P4: 4 | Q4: 4 | R4: 4 | S4: 4 | T4: 4 | U4: 1 | V4: 2 | W4: 4 | X4: 4 | Y4: 4 | Z4: 4 | AA4: 4 | AB4: 4 | AC4: 4 | AD4: 4 | AE4: 4 | AF4: 2 | AG4: 1 | AH4: 1 | AI4: 4 | AJ4: 1 | AK4: 1 | AL4: 1 | AM4: 1 | AN4: 4 | AO4: 4 | AP4: 4 | AQ4: 4 | AR4: 4 | AS4: 2 | AT4: 4 | AU4: 4 | AV4: 2 | AW4: 4 | AX4: 4 | AY4: 4 | AZ4: 4 | BA4: 4 | BB4: 4 | BC4: 4 | BD4: 4 | BE4: 2 | BF4: 1 | BG4: 1 | BH4: 4 | BI4: 4 | BJ4: 4 | BK4: 2 | BL4: 4 | BM4: 4 | BN4: 4 | BO4: 4 | BP4: 4 | BQ4: 4 | BR4: 4 | BS4: 4 | BT4: 4 | BU4: 4 | BV4: 4 | BW4: 1 | BX4: 1 | BY4: 4 | BZ4: 4 | CA4: 4 | CB4: 4 | CC4: 4 | CD4: 4 | CE4: 4 | CF4: 4 | CG4: 4 | CH4: 4 | CI4: 4 | CJ4: 4 | CK4: 2 | CL4: 4 | CM4: 4 | CN4: 4 | CO4: 4 | CP4: 4 | CQ4: 2 | CR4: 4 | CS4: 4 | CT4: 4 | CU4: 4 | CV4: 4 | CW4: 4 | CX4: 4 | CY4: 4 | CZ4: 4 | DA4: 4 | DB4: 4 | DC4: 4 | DD4: 4 | DE4: 4 | DF4: 2 | DG4: 4 | DH4: 4 | DI4: 4 | DJ4: 4 | DK4: 4 | DL4: 4 | DM4: 4 | DN4: 2 | DO4: 4 | DP4: 4 | DQ4: 4 | DR4: 4 | DS4: 4 | DT4: 4 | DU4: Johnson et al. 2008
A5: HE-SD4 | B5: Hadean Earth | C5: Hydrogen Sulfide Experiment | D5: Miller spark discharge 5-L apparatus (tesla coils), CH4/H2S/NH3/CO2 mixture (258 mmHg/100 mmHg/250 mmHg/87 mmHg), 300 mL H2O (boiled), 3 days | E5: 1 | F5: 4 | G5: 1 | H5: 1 | I5: 4 | J5: 1 | K5: 4 | L5: 1 | M5: 1 | N5: 4 | O5: 1 | P5: 4 | Q5: 4 | R5: 1 | S5: 1 | T5: 1 | U5: 4 | V5: 4 | W5: 4 | X5: 4 | Y5: 1 | Z5: 4 | AA5: 4 | AB5: 4 | AC5: 4 | AD5: 4 | AE5: 4 | AF5: 1 | AG5: 1 | AH5: 1 | AI5: 4 | AJ5: 1 | AK5: 1 | AL5: 4 | AM5: 4 | AN5: 1 | AO5: 4 | AP5: 4 | AQ5: 4 | AR5: 4 | AS5: 4 | AT5: 4 | AU5: 4 | AV5: 4 | AW5: 4 | AX5: 4 | AY5: 4 | AZ5: 4 | BA5: 1 | BB5: 1 | BC5: 4 | BD5: 4 | BE5: 1 | BF5: 1 | BG5: 1 | BH5: 4 | BI5: 4 | BJ5: 4 | BK5: 4 | BL5: 4 | BM5: 4 | BN5: 4 | BO5: 4 | BP5: 4 | BQ5: 4 | BR5: 4 | BS5: 4 | BT5: 4 | BU5: 4 | BV5: 4 | BW5: 1 | BX5: 1 | BY5: 4 | BZ5: 4 | CA5: 4 | CB5: 4 | CC5: 1 | CD5: 1 | CE5: 4 | CF5: 1 | CG5: 1 | CH5: 4 | CI5: 4 | CJ5: 4 | CK5: 4 | CL5: 4 | CM5: 4 | CN5: 4 | CO5: 4 | CP5: 4 | CQ5: 4 | CR5: 4 | CS5: 4 | CT5: 4 | CU5: 4 | CV5: 4 | CW5: 1 | CX5: 4 | CY5: 4 | CZ5: 1 | DA5: 4 | DB5: 4 | DC5: 4 | DD5: 4 | DE5: 4 | DF5: 4 | DG5: 4 | DH5: 4 | DI5: 4 | DJ5: 4 | DK5: 4 | DL5: 4 | DM5: 4 | DN5: 4 | DO5: 4 | DP5: 4 | DQ5: 4 | DR5: 4 | DS5: 4 | DT5: 4 | DU5: Parker et al. 2011
A6: HE-SD5 | B6: Hadean Earth | C6: Cyanamide Experiment | D6: Miller Cyanamide spark discharge (tesla coils), 250 mL H20, 300 mmHg CH4, 250 mmHg NH3, addition of cyanamide (3.3-4.4 mg in water) at different intervals | E6: 1 | F6: 4 | G6: 1 | H6: 1 | I6: 4 | J6: 1 | K6: 4 | L6: 1 | M6: 1 | N6: 4 | O6: 3 | P6: 4 | Q6: 4 | R6: 4 | S6: 1 | T6: 1 | U6: 4 | V6: 4 | W6: 4 | X6: 4 | Y6: 4 | Z6: 4 | AA6: 4 | AB6: 4 | AC6: 4 | AD6: 4 | AE6: 4 | AF6: 1 | AG6: 1 | AH6: 1 | AI6: 4 | AJ6: 1 | AK6: 3 | AL6: 4 | AM6: 4 | AN6: 4 | AO6: 4 | AP6: 4 | AQ6: 4 | AR6: 4 | AS6: 4 | AT6: 4 | AU6: 4 | AV6: 4 | AW6: 4 | AX6: 4 | AY6: 4 | AZ6: 4 | BA6: 4 | BB6: 4 | BC6: 1 | BD6: 1 | BE6: 4 | BF6: 1 | BG6: 1 | BH6: 4 | BI6: 4 | BJ6: 4 | BK6: 4 | BL6: 4 | BM6: 4 | BN6: 4 | BO6: 4 | BP6: 4 | BQ6: 4 | BR6: 4 | BS6: 4 | BT6: 4 | BU6: 4 | BV6: 4 | BW6: 1 | BX6: 1 | BY6: 4 | BZ6: 4 | CA6: 4 | CB6: 4 | CC6: 4 | CD6: 4 | CE6: 4 | CF6: 4 | CG6: 4 | CH6: 4 | CI6: 4 | CJ6: 4 | CK6: 4 | CL6: 4 | CM6: 4 | CN6: 4 | CO6: 4 | CP6: 4 | CQ6: 4 | CR6: 4 | CS6: 4 | CT6: 4 | CU6: 4 | CV6: 4 | CW6: 4 | CX6: 1 | CY6: 1 | CZ6: 4 | DA6: 4 | DB6: 4 | DC6: 4 | DD6: 4 | DE6: 4 | DF6: 4 | DG6: 4 | DH6: 4 | DI6: 4 | DJ6: 4 | DK6: 4 | DL6: 4 | DM6: 4 | DN6: 4 | DO6: 4 | DP6: 4 | DQ6: 4 | DR6: 4 | DS6: 4 | DT6: 4 | DU6: Parker et al. 2014
A7: HEA-PR1 | B7: Hadean Earth | C7: Atmosphere | D7: Proton irradiation, 1.58-2.5 MeV, 1-2 h, N2/CO2/CH4 mixture (350 torr/350 torr/0), 5 mL water | E7: 2 | F7: 4 | G7: 4 | H7: 4 | I7: 2 | J7: 2 | K7: 4 | L7: 4 | M7: 4 | N7: 2 | O7: 4 | P7: 4 | Q7: 4 | R7: 4 | S7: 4 | T7: 4 | U7: 2 | V7: 4 | W7: 4 | X7: 4 | Y7: 2 | Z7: 4 | AA7: 4 | AB7: 4 | AC7: 4 | AD7: 4 | AE7: 4 | AF7: 2 | AG7: 4 | AH7: 4 | AI7: 4 | AJ7: 2 | AK7: 4 | AL7: 4 | AM7: 4 | AN7: 2 | AO7: 4 | AP7: 4 | AQ7: 4 | AR7: 4 | AS7: 4 | AT7: 4 | AU7: 4 | AV7: 4 | AW7: 4 | AX7: 4 | AY7: 4 | AZ7: 4 | BA7: 4 | BB7: 4 | BC7: 4 | BD7: 4 | BE7: 2 | BF7: 4 | BG7: 4 | BH7: 4 | BI7: 4 | BJ7: 4 | BK7: 4 | BL7: 4 | BM7: 4 | BN7: 4 | BO7: 4 | BP7: 4 | BQ7: 4 | BR7: 4 | BS7: 4 | BT7: 4 | BU7: 4 | BV7: 4 | BW7: 4 | BX7: 4 | BY7: 2 | BZ7: 4 | CA7: 4 | CB7: 4 | CC7: 4 | CD7: 4 | CE7: 2 | CF7: 4 | CG7: 4 | CH7: 4 | CI7: 4 | CJ7: 4 | CK7: 4 | CL7: 4 | CM7: 4 | CN7: 4 | CO7: 4 | CP7: 4 | CQ7: 2 | CR7: 4 | CS7: 4 | CT7: 4 | CU7: 4 | CV7: 4 | CW7: 2 | CX7: 4 | CY7: 4 | CZ7: 2 | DA7: 4 | DB7: 4 | DC7: 4 | DD7: 4 | DE7: 4 | DF7: 4 | DG7: 4 | DH7: 4 | DI7: 4 | DJ7: 4 | DK7: 4 | DL7: 4 | DM7: 4 | DN7: 2 | DO7: 4 | DP7: 4 | DQ7: 2 | DR7: 4 | DS7: 4 | DT7: 4 | DU7: Kobayashi et al. 2023
A8: HEA-PR2 | B8: Hadean Earth | C8: Atmosphere | D8: Proton irradiation, 1.58-2.5 MeV, 1-2 h, N2/CO2/CH4 mixture (350 torr/346.5 torr/3.5 torr), 5 mL water | E8: 2 | F8: 4 | G8: 4 | H8: 4 | I8: 2 | J8: 2 | K8: 4 | L8: 4 | M8: 4 | N8: 2 | O8: 4 | P8: 4 | Q8: 4 | R8: 4 | S8: 4 | T8: 4 | U8: 2 | V8: 4 | W8: 4 | X8: 4 | Y8: 2 | Z8: 4 | AA8: 4 | AB8: 4 | AC8: 4 | AD8: 4 | AE8: 4 | AF8: 2 | AG8: 4 | AH8: 4 | AI8: 4 | AJ8: 2 | AK8: 4 | AL8: 4 | AM8: 4 | AN8: 2 | AO8: 4 | AP8: 4 | AQ8: 4 | AR8: 4 | AS8: 4 | AT8: 4 | AU8: 4 | AV8: 4 | AW8: 4 | AX8: 4 | AY8: 4 | AZ8: 4 | BA8: 4 | BB8: 4 | BC8: 4 | BD8: 4 | BE8: 2 | BF8: 4 | BG8: 4 | BH8: 4 | BI8: 4 | BJ8: 4 | BK8: 4 | BL8: 4 | BM8: 4 | BN8: 4 | BO8: 4 | BP8: 4 | BQ8: 4 | BR8: 4 | BS8: 4 | BT8: 4 | BU8: 4 | BV8: 4 | BW8: 4 | BX8: 4 | BY8: 2 | BZ8: 4 | CA8: 4 | CB8: 4 | CC8: 4 | CD8: 4 | CE8: 2 | CF8: 4 | CG8: 4 | CH8: 4 | CI8: 4 | CJ8: 4 | CK8: 4 | CL8: 4 | CM8: 4 | CN8: 4 | CO8: 4 | CP8: 4 | CQ8: 2 | CR8: 4 | CS8: 4 | CT8: 4 | CU8: 4 | CV8: 4 | CW8: 2 | CX8: 4 | CY8: 4 | CZ8: 2 | DA8: 4 | DB8: 4 | DC8: 4 | DD8: 4 | DE8: 4 | DF8: 4 | DG8: 4 | DH8: 4 | DI8: 4 | DJ8: 4 | DK8: 4 | DL8: 4 | DM8: 4 | DN8: 2 | DO8: 4 | DP8: 4 | DQ8: 2 | DR8: 4 | DS8: 4 | DT8: 4 | DU8: Kobayashi et al. 2023
A9: HEA-PR3 | B9: Hadean Earth | C9: Atmosphere | D9: Proton irradiation, 1.58-2.5 MeV, 1-2 h, N2/CO2/CH4 mixture (350 torr/343 torr/7 torr), 5 mL water | E9: 1 | F9: 4 | G9: 4 | H9: 4 | I9: 3 | J9: 2 | K9: 4 | L9: 4 | M9: 4 | N9: 2 | O9: 4 | P9: 4 | Q9: 4 | R9: 4 | S9: 4 | T9: 4 | U9: 2 | V9: 4 | W9: 4 | X9: 4 | Y9: 2 | Z9: 4 | AA9: 4 | AB9: 4 | AC9: 4 | AD9: 4 | AE9: 4 | AF9: 2 | AG9: 4 | AH9: 4 | AI9: 4 | AJ9: 2 | AK9: 4 | AL9: 4 | AM9: 4 | AN9: 2 | AO9: 4 | AP9: 4 | AQ9: 4 | AR9: 4 | AS9: 4 | AT9: 4 | AU9: 4 | AV9: 4 | AW9: 4 | AX9: 4 | AY9: 4 | AZ9: 4 | BA9: 4 | BB9: 4 | BC9: 4 | BD9: 4 | BE9: 2 | BF9: 4 | BG9: 4 | BH9: 4 | BI9: 4 | BJ9: 4 | BK9: 4 | BL9: 4 | BM9: 4 | BN9: 4 | BO9: 4 | BP9: 4 | BQ9: 4 | BR9: 4 | BS9: 4 | BT9: 4 | BU9: 4 | BV9: 4 | BW9: 4 | BX9: 4 | BY9: 2 | BZ9: 4 | CA9: 4 | CB9: 4 | CC9: 4 | CD9: 4 | CE9: 2 | CF9: 4 | CG9: 4 | CH9: 4 | CI9: 4 | CJ9: 4 | CK9: 4 | CL9: 4 | CM9: 4 | CN9: 4 | CO9: 4 | CP9: 4 | CQ9: 2 | CR9: 4 | CS9: 4 | CT9: 4 | CU9: 4 | CV9: 4 | CW9: 2 | CX9: 4 | CY9: 4 | CZ9: 2 | DA9: 4 | DB9: 4 | DC9: 4 | DD9: 4 | DE9: 4 | DF9: 4 | DG9: 4 | DH9: 4 | DI9: 4 | DJ9: 4 | DK9: 4 | DL9: 4 | DM9: 4 | DN9: 2 | DO9: 4 | DP9: 4 | DQ9: 2 | DR9: 4 | DS9: 4 | DT9: 4 | DU9: Kobayashi et al. 2023
A10: HEA-PR4 | B10: Hadean Earth | C10: Atmosphere | D10: Proton irradiation, 1.58-2.5 MeV, 1-2 h, N2/CO2/CH4 mixture (350 torr/336 torr/14 torr), 5 mL water | E10: 1 | F10: 4 | G10: 4 | H10: 4 | I10: 3 | J10: 1 | K10: 4 | L10: 4 | M10: 4 | N10: 1 | O10: 4 | P10: 4 | Q10: 4 | R10: 4 | S10: 4 | T10: 4 | U10: 2 | V10: 4 | W10: 4 | X10: 4 | Y10: 2 | Z10: 4 | AA10: 4 | AB10: 4 | AC10: 4 | AD10: 4 | AE10: 4 | AF10: 1 | AG10: 4 | AH10: 4 | AI10: 4 | AJ10: 2 | AK10: 4 | AL10: 4 | AM10: 4 | AN10: 2 | AO10: 4 | AP10: 4 | AQ10: 4 | AR10: 4 | AS10: 4 | AT10: 4 | AU10: 4 | AV10: 4 | AW10: 4 | AX10: 4 | AY10: 4 | AZ10: 4 | BA10: 4 | BB10: 4 | BC10: 4 | BD10: 4 | BE10: 2 | BF10: 4 | BG10: 4 | BH10: 4 | BI10: 4 | BJ10: 4 | BK10: 4 | BL10: 4 | BM10: 4 | BN10: 4 | BO10: 4 | BP10: 4 | BQ10: 4 | BR10: 4 | BS10: 4 | BT10: 4 | BU10: 4 | BV10: 4 | BW10: 4 | BX10: 4 | BY10: 2 | BZ10: 4 | CA10: 4 | CB10: 4 | CC10: 4 | CD10: 4 | CE10: 2 | CF10: 4 | CG10: 4 | CH10: 4 | CI10: 4 | CJ10: 4 | CK10: 4 | CL10: 4 | CM10: 4 | CN10: 4 | CO10: 4 | CP10: 4 | CQ10: 2 | CR10: 4 | CS10: 4 | CT10: 4 | CU10: 4 | CV10: 4 | CW10: 2 | CX10: 4 | CY10: 4 | CZ10: 2 | DA10: 4 | DB10: 4 | DC10: 4 | DD10: 4 | DE10: 4 | DF10: 4 | DG10: 4 | DH10: 4 | DI10: 4 | DJ10: 4 | DK10: 4 | DL10: 4 | DM10: 4 | DN10: 2 | DO10: 4 | DP10: 4 | DQ10: 2 | DR10: 4 | DS10: 4 | DT10: 4 | DU10: Kobayashi et al. 2023
A11: HEA-PR5 | B11: Hadean Earth | C11: Atmosphere | D11: Proton irradiation, 1.58-2.5 MeV, 1-2 h, N2/CO2/CH4 mixture (350 torr/329 torr/21 torr), 5 mL water | E11: 1 | F11: 4 | G11: 4 | H11: 4 | I11: 3 | J11: 1 | K11: 4 | L11: 4 | M11: 4 | N11: 1 | O11: 4 | P11: 4 | Q11: 4 | R11: 4 | S11: 4 | T11: 4 | U11: 2 | V11: 4 | W11: 4 | X11: 4 | Y11: 2 | Z11: 4 | AA11: 4 | AB11: 4 | AC11: 4 | AD11: 4 | AE11: 4 | AF11: 1 | AG11: 4 | AH11: 4 | AI11: 4 | AJ11: 2 | AK11: 4 | AL11: 4 | AM11: 4 | AN11: 2 | AO11: 4 | AP11: 4 | AQ11: 4 | AR11: 4 | AS11: 4 | AT11: 4 | AU11: 4 | AV11: 4 | AW11: 4 | AX11: 4 | AY11: 4 | AZ11: 4 | BA11: 4 | BB11: 4 | BC11: 4 | BD11: 4 | BE11: 2 | BF11: 4 | BG11: 4 | BH11: 4 | BI11: 4 | BJ11: 4 | BK11: 4 | BL11: 4 | BM11: 4 | BN11: 4 | BO11: 4 | BP11: 4 | BQ11: 4 | BR11: 4 | BS11: 4 | BT11: 4 | BU11: 4 | BV11: 4 | BW11: 4 | BX11: 4 | BY11: 2 | BZ11: 4 | CA11: 4 | CB11: 4 | CC11: 4 | CD11: 4 | CE11: 2 | CF11: 4 | CG11: 4 | CH11: 4 | CI11: 4 | CJ11: 4 | CK11: 4 | CL11: 4 | CM11: 4 | CN11: 4 | CO11: 4 | CP11: 4 | CQ11: 2 | CR11: 4 | CS11: 4 | CT11: 4 | CU11: 4 | CV11: 4 | CW11: 2 | CX11: 4 | CY11: 4 | CZ11: 2 | DA11: 4 | DB11: 4 | DC11: 4 | DD11: 4 | DE11: 4 | DF11: 4 | DG11: 4 | DH11: 4 | DI11: 4 | DJ11: 4 | DK11: 4 | DL11: 4 | DM11: 4 | DN11: 2 | DO11: 4 | DP11: 4 | DQ11: 2 | DR11: 4 | DS11: 4 | DT11: 4 | DU11: Kobayashi et al. 2023
A12: HEA-PR6 | B12: Hadean Earth | C12: Atmosphere | D12: Proton irradiation, 1.58-2.5 MeV, 1-2 h, N2/CO2/CH4 mixture (350 torr/315 torr/35 torr), 5 mL water | E12: 1 | F12: 4 | G12: 4 | H12: 4 | I12: 3 | J12: 1 | K12: 4 | L12: 4 | M12: 4 | N12: 1 | O12: 4 | P12: 4 | Q12: 4 | R12: 4 | S12: 4 | T12: 4 | U12: 1 | V12: 4 | W12: 4 | X12: 4 | Y12: 2 | Z12: 4 | AA12: 4 | AB12: 4 | AC12: 4 | AD12: 4 | AE12: 4 | AF12: 1 | AG12: 4 | AH12: 4 | AI12: 4 | AJ12: 2 | AK12: 4 | AL12: 4 | AM12: 4 | AN12: 2 | AO12: 4 | AP12: 4 | AQ12: 4 | AR12: 4 | AS12: 4 | AT12: 4 | AU12: 4 | AV12: 4 | AW12: 4 | AX12: 4 | AY12: 4 | AZ12: 4 | BA12: 4 | BB12: 4 | BC12: 4 | BD12: 4 | BE12: 2 | BF12: 4 | BG12: 4 | BH12: 4 | BI12: 4 | BJ12: 4 | BK12: 4 | BL12: 4 | BM12: 4 | BN12: 4 | BO12: 4 | BP12: 4 | BQ12: 4 | BR12: 4 | BS12: 4 | BT12: 4 | BU12: 4 | BV12: 4 | BW12: 4 | BX12: 4 | BY12: 2 | BZ12: 4 | CA12: 4 | CB12: 4 | CC12: 4 | CD12: 4 | CE12: 2 | CF12: 4 | CG12: 4 | CH12: 4 | CI12: 4 | CJ12: 4 | CK12: 4 | CL12: 4 | CM12: 4 | CN12: 4 | CO12: 4 | CP12: 4 | CQ12: 2 | CR12: 4 | CS12: 4 | CT12: 4 | CU12: 4 | CV12: 4 | CW12: 2 | CX12: 4 | CY12: 4 | CZ12: 2 | DA12: 4 | DB12: 4 | DC12: 4 | DD12: 4 | DE12: 4 | DF12: 4 | DG12: 4 | DH12: 4 | DI12: 4 | DJ12: 4 | DK12: 4 | DL12: 4 | DM12: 4 | DN12: 2 | DO12: 4 | DP12: 4 | DQ12: 2 | DR12: 4 | DS12: 4 | DT12: 4 | DU12: Kobayashi et al. 2023
A13: HEA-PR7 | B13: Hadean Earth | C13: Atmosphere | D13: Proton irradiation, 1.58-2.5 MeV, 1-2 h, N2/CO2/CH4 mixture (350 torr/280 torr/70 torr), 5 mL water | E13: 1 | F13: 4 | G13: 4 | H13: 4 | I13: 3 | J13: 1 | K13: 4 | L13: 4 | M13: 4 | N13: 1 | O13: 4 | P13: 4 | Q13: 4 | R13: 4 | S13: 4 | T13: 4 | U13: 1 | V13: 4 | W13: 4 | X13: 4 | Y13: 2 | Z13: 4 | AA13: 4 | AB13: 4 | AC13: 4 | AD13: 4 | AE13: 4 | AF13: 1 | AG13: 4 | AH13: 4 | AI13: 4 | AJ13: 2 | AK13: 4 | AL13: 4 | AM13: 4 | AN13: 2 | AO13: 4 | AP13: 4 | AQ13: 4 | AR13: 4 | AS13: 4 | AT13: 4 | AU13: 4 | AV13: 4 | AW13: 4 | AX13: 4 | AY13: 4 | AZ13: 4 | BA13: 4 | BB13: 4 | BC13: 4 | BD13: 4 | BE13: 2 | BF13: 4 | BG13: 4 | BH13: 4 | BI13: 4 | BJ13: 4 | BK13: 4 | BL13: 4 | BM13: 4 | BN13: 4 | BO13: 4 | BP13: 4 | BQ13: 4 | BR13: 4 | BS13: 4 | BT13: 4 | BU13: 4 | BV13: 4 | BW13: 4 | BX13: 4 | BY13: 2 | BZ13: 4 | CA13: 4 | CB13: 4 | CC13: 4 | CD13: 4 | CE13: 2 | CF13: 4 | CG13: 4 | CH13: 4 | CI13: 4 | CJ13: 4 | CK13: 4 | CL13: 4 | CM13: 4 | CN13: 4 | CO13: 4 | CP13: 4 | CQ13: 2 | CR13: 4 | CS13: 4 | CT13: 4 | CU13: 4 | CV13: 4 | CW13: 2 | CX13: 4 | CY13: 4 | CZ13: 2 | DA13: 4 | DB13: 4 | DC13: 4 | DD13: 4 | DE13: 4 | DF13: 4 | DG13: 4 | DH13: 4 | DI13: 4 | DJ13: 4 | DK13: 4 | DL13: 4 | DM13: 4 | DN13: 2 | DO13: 4 | DP13: 4 | DQ13: 2 | DR13: 4 | DS13: 4 | DT13: 4 | DU13: Kobayashi et al. 2023
... A27: HEA-SD9 | B27: Hadean Earth | C27: Atmosphere | D27: Spark discharge (tesla coil, 1mon on/1 min off, 24h), N2/CO2/CH4 mixture (350 torr/0/350 torr), 5 mL water | E27: 1 | F27: 4 | G27: 4 | H27: 4 | I27: 3 | J27: 1 | K27: 4 | L27: 4 | M27: 4 | N27: 1 | O27: 4 | P27: 4 | Q27: 4 | R27: 4 | S27: 4 | T27: 4 | U27: 1 | V27: 4 | W27: 4 | X27: 4 | Y27: 2 | Z27: 4 | AA27: 4 | AB27: 4 | AC27: 4 | AD27: 4 | AE27: 4 | AF27: 1 | AG27: 4 | AH27: 4 | AI27: 4 | AJ27: 1 | AK27: 4 | AL27: 4 | AM27: 4 | AN27: 2 | AO27: 4 | AP27: 4 | AQ27: 4 | AR27: 4 | AS27: 4 | AT27: 4 | AU27: 4 | AV27: 4 | AW27: 4 | AX27: 4 | AY27: 4 | AZ27: 4 | BA27: 4 | BB27: 4 | BC27: 4 | BD27: 4 | BE27: 2 | BF27: 4 | BG27: 4 | BH27: 4 | BI27: 4 | BJ27: 4 | BK27: 4 | BL27: 4 | BM27: 4 | BN27: 4 | BO27: 4 | BP27: 4 | BQ27: 4 | BR27: 4 | BS27: 4 | BT27: 4 | BU27: 4 | BV27: 4 | BW27: 4 | BX27: 4 | BY27: 2 | BZ27: 4 | CA27: 4 | CB27: 4 | CC27: 4 | CD27: 4 | CE27: 2 | CF27: 4 | CG27: 4 | CH27: 4 | CI27: 4 | CJ27: 4 | CK27: 4 | CL27: 4 | CM27: 4 | CN27: 4 | CO27: 4 | CP27: 4 | CQ27: 2 | CR27: 4 | CS27: 4 | CT27: 4 | CU27: 4 | CV27: 4 | CW27: 2 | CX27: 4 | CY27: 4 | CZ27: 2 | DA27: 4 | DB27: 4 | DC27: 4 | DD27: 4 | DE27: 4 | DF27: 4 | DG27: 4 | DH27: 4 | DI27: 4 | DJ27: 4 | DK27: 4 | DL27: 4 | DM27: 4 | DN27: 2 | DO27: 4 | DP27: 4 | DQ27: 2 | DR27: 4 | DS27: 4 | DT27: 4 | DU27: Kobayashi et al. 2023
A28: EUR-CN1 | B28: Europa | D28: 0.1 M NH4CN, 25 years storage at -78°C | E28: 1 | F28: 4 | G28: 1 | H28: 1 | I28: 4 | J28: 4 | K28: 4 | L28: 4 | M28: 5 | N28: 4 | O28: 4 | P28: 4 | Q28: 4 | R28: 4 | S28: 1 | T28: 1 | U28: 4 | V28: 4 | W28: 4 | X28: 4 | Y28: 4 | Z28: 4 | AA28: 4 | AB28: 4 | AC28: 4 | AD28: 4 | AE28: 4 | AF28: 4 | AG28: 4 | AH28: 4 | AI28: 4 | AJ28: 4 | AK28: 4 | AL28: 4 | AM28: 4 | AN28: 4 | AO28: 4 | AP28: 4 | AQ28: 4 | AR28: 4 | AS28: 4 | AT28: 4 | AU28: 4 | AV28: 4 | AW28: 4 | AX28: 4 | AY28: 4 | AZ28: 4 | BA28: 4 | BB28: 4 | BC28: 4 | BD28: 4 | BE28: 4 | BF28: 4 | BG28: 4 | BH28: 4 | BI28: 4 | BJ28: 4 | BK28: 4 | BL28: 4 | BM28: 4 | BN28: 4 | BO28: 4 | BP28: 4 | BQ28: 4 | BR28: 4 | BS28: 4 | BT28: 4 | BU28: 4 | BV28: 4 | BW28: 4 | BX28: 4 | BY28: 4 | BZ28: 4 | CA28: 4 | CB28: 4 | CC28: 4 | CD28: 4 | CE28: 4 | CF28: 4 | CG28: 4 | CH28: 4 | CI28: 4 | CJ28: 4 | CK28: 4 | CL28: 4 | CM28: 4 | CN28: 4 | CO28: 4 | CP28: 4 | CQ28: 4 | CR28: 4 | CS28: 4 | CT28: 4 | CU28: 4 | CV28: 4 | CW28: 4 | CX28: 4 | CY28: 4 | CZ28: 4 | DA28: 4 | DB28: 4 | DC28: 4 | DD28: 4 | DE28: 4 | DF28: 4 | DG28: 4 | DH28: 4 | DI28: 4 | DJ28: 4 | DK28: 4 | DL28: 4 | DM28: 4 | DN28: 4 | DO28: 4 | DP28: 4 | DQ28: 4 | DR28: 4 | DS28: 4 | DT28: 4 | DU28: Levy & Miller, 2000
A29: EUR-CN2 | B29: Europa | D29: 0.1 M NH4CN, 25 years storage at -20°C | E29: 1 | F29: 4 | G29: 1 | H29: 1 | I29: 4 | J29: 4 | K29: 4 | L29: 4 | M29: 5 | N29: 4 | O29: 4 | P29: 4 | Q29: 4 | R29: 4 | S29: 1 | T29: 1 | U29: 4 | V29: 4 | W29: 4 | X29: 4 | Y29: 4 | Z29: 4 | AA29: 4 | AB29: 4 | AC29: 4 | AD29: 4 | AE29: 4 | AF29: 4 | AG29: 4 | AH29: 4 | AI29: 4 | AJ29: 4 | AK29: 4 | AL29: 4 | AM29: 4 | AN29: 4 | AO29: 4 | AP29: 4 | AQ29: 4 | AR29: 4 | AS29: 4 | AT29: 4 | AU29: 4 | AV29: 4 | AW29: 4 | AX29: 4 | AY29: 4 | AZ29: 4 | BA29: 4 | BB29: 4 | BC29: 4 | BD29: 4 | BE29: 4 | BF29: 4 | BG29: 4 | BH29: 4 | BI29: 4 | BJ29: 4 | BK29: 4 | BL29: 4 | BM29: 4 | BN29: 4 | BO29: 4 | BP29: 4 | BQ29: 4 | BR29: 4 | BS29: 4 | BT29: 4 | BU29: 4 | BV29: 4 | BW29: 4 | BX29: 4 | BY29: 4 | BZ29: 4 | CA29: 4 | CB29: 4 | CC29: 4 | CD29: 4 | CE29: 4 | CF29: 4 | CG29: 4 | CH29: 4 | CI29: 4 | CJ29: 4 | CK29: 4 | CL29: 4 | CM29: 4 | CN29: 4 | CO29: 4 | CP29: 4 | CQ29: 4 | CR29: 4 | CS29: 4 | CT29: 4 | CU29: 4 | CV29: 4 | CW29: 4 | CX29: 4 | CY29: 4 | CZ29: 4 | DA29: 4 | DB29: 4 | DC29: 4 | DD29: 4 | DE29: 4 | DF29: 4 | DG29: 4 | DH29: 4 | DI29: 4 | DJ29: 4 | DK29: 4 | DL29: 4 | DM29: 4 | DN29: 4 | DO29: 4 | DP29: 4 | DQ29: 4 | DR29: 4 | DS29: 4 | DT29: 4 | DU29: Levy & Miller, 2000
A30: EUR-CN3 | B30: Europa | D30: 0.1 M NH4CN, 2 months storage at -20°C | E30: 1 | F30: 4 | G30: 1 | H30: 1 | I30: 4 | J30: 4 | K30: 4 | L30: 4 | M30: 5 | N30: 4 | O30: 4 | P30: 4 | Q30: 4 | R30: 4 | S30: 1 | T30: 1 | U30: 4 | V30: 4 | W30: 4 | X30: 4 | Y30: 4 | Z30: 4 | AA30: 4 | AB30: 4 | AC30: 4 | AD30: 4 | AE30: 4 | AF30: 4 | AG30: 4 | AH30: 4 | AI30: 4 | AJ30: 4 | AK30: 4 | AL30: 4 | AM30: 4 | AN30: 4 | AO30: 4 | AP30: 4 | AQ30: 4 | AR30: 4 | AS30: 4 | AT30: 4 | AU30: 4 | AV30: 4 | AW30: 4 | AX30: 4 | AY30: 4 | AZ30: 4 | BA30: 4 | BB30: 4 | BC30: 4 | BD30: 4 | BE30: 4 | BF30: 4 | BG30: 4 | BH30: 4 | BI30: 4 | BJ30: 4 | BK30: 4 | BL30: 4 | BM30: 4 | BN30: 4 | BO30: 4 | BP30: 4 | BQ30: 4 | BR30: 4 | BS30: 4 | BT30: 4 | BU30: 4 | BV30: 4 | BW30: 4 | BX30: 4 | BY30: 4 | BZ30: 4 | CA30: 4 | CB30: 4 | CC30: 4 | CD30: 4 | CE30: 4 | CF30: 4 | CG30: 4 | CH30: 4 | CI30: 4 | CJ30: 4 | CK30: 4 | CL30: 4 | CM30: 4 | CN30: 4 | CO30: 4 | CP30: 4 | CQ30: 4 | CR30: 4 | CS30: 4 | CT30: 4 | CU30: 4 | CV30: 4 | CW30: 4 | CX30: 4 | CY30: 4 | CZ30: 4 | DA30: 4 | DB30: 4 | DC30: 4 | DD30: 4 | DE30: 4 | DF30: 4 | DG30: 4 | DH30: 4 | DI30: 4 | DJ30: 4 | DK30: 4 | DL30: 4 | DM30: 4 | DN30: 4 | DO30: 4 | DP30: 4 | DQ30: 4 | DR30: 4 | DS30: 4 | DT30: 4 | DU30: Levy & Miller, 2000
A31: EUR-SD1 | B31: Europa | D31: Spark discharge, 5 years storage -20°C | E31: 1 | F31: 4 | G31: 1 | H31: 1 | I31: 4 | J31: 4 | K31: 4 | L31: 4 | M31: 5 | N31: 4 | O31: 4 | P31: 4 | Q31: 4 | R31: 4 | S31: 1 | T31: 1 | U31: 4 | V31: 4 | W31: 4 | X31: 4 | Y31: 4 | Z31: 4 | AA31: 4 | AB31: 4 | AC31: 4 | AD31: 4 | AE31: 4 | AF31: 4 | AG31: 4 | AH31: 4 | AI31: 4 | AJ31: 4 | AK31: 4 | AL31: 4 | AM31: 4 | AN31: 4 | AO31: 4 | AP31: 4 | AQ31: 4 | AR31: 4 | AS31: 4 | AT31: 4 | AU31: 4 | AV31: 4 | AW31: 4 | AX31: 4 | AY31: 4 | AZ31: 4 | BA31: 4 | BB31: 4 | BC31: 4 | BD31: 4 | BE31: 4 | BF31: 4 | BG31: 4 | BH31: 4 | BI31: 4 | BJ31: 4 | BK31: 4 | BL31: 4 | BM31: 4 | BN31: 4 | BO31: 4 | BP31: 4 | BQ31: 4 | BR31: 4 | BS31: 4 | BT31: 4 | BU31: 4 | BV31: 4 | BW31: 4 | BX31: 4 | BY31: 4 | BZ31: 4 | CA31: 4 | CB31: 4 | CC31: 4 | CD31: 4 | CE31: 4 | CF31: 4 | CG31: 4 | CH31: 4 | CI31: 4 | CJ31: 4 | CK31: 4 | CL31: 4 | CM31: 4 | CN31: 4 | CO31: 4 | CP31: 4 | CQ31: 4 | CR31: 4 | CS31: 4 | CT31: 4 | CU31: 4 | CV31: 4 | CW31: 4 | CX31: 4 | CY31: 4 | CZ31: 4 | DA31: 4 | DB31: 4 | DC31: 4 | DD31: 4 | DE31: 4 | DF31: 4 | DG31: 4 | DH31: 4 | DI31: 4 | DJ31: 4 | DK31: 4 | DL31: 4 | DM31: 4 | DN31: 4 | DO31: 4 | DP31: 4 | DQ31: 4 | DR31: 4 | DS31: 4 | DT31: 4 | DU31: Levy & Miller, 2000
A32: NOM-OC1 | B32: Noachian Mars | D32: Ordinary chondrite analogue [metallic Fe (100 mg) and Ni (10 mg), forsterite(200 mg)], heat-treated at 450C for 6h, shock experiment with NAHCO3 + N2, 1km/sec acceleration, 300C | E32: 1 | F32: 4 | G32: 4 | H32: 4 | I32: 2 | J32: 2 | K32: 2 | L32: 4 | M32: 4 | N32: 4 | O32: 4 | P32: 4 | Q32: 4 | R32: 4 | S32: 4 | T32: 4 | U32: 4 | V32: 4 | W32: 4 | X32: 4 | Y32: 4 | Z32: 4 | AA32: 4 | AB32: 4 | AC32: 4 | AD32: 4 | AE32: 4 | AF32: 2 | AG32: 4 | AH32: 4 | AI32: 4 | AJ32: 4 | AK32: 4 | AL32: 4 | AM32: 4 | AN32: 2 | AO32: 4 | AP32: 4 | AQ32: 4 | AR32: 4 | AS32: 4 | AT32: 4 | AU32: 4 | AV32: 4 | AW32: 4 | AX32: 4 | AY32: 4 | AZ32: 4 | BA32: 4 | BB32: 4 | BC32: 4 | BD32: 4 | BE32: 4 | BF32: 4 | BG32: 4 | BH32: 4 | BI32: 4 | BJ32: 4 | BK32: 4 | BL32: 4 | BM32: 4 | BN32: 4 | BO32: 4 | BP32: 4 | BQ32: 4 | BR32: 4 | BS32: 4 | BT32: 4 | BU32: 4 | BV32: 4 | BW32: 4 | BX32: 4 | BY32: 4 | BZ32: 4 | CA32: 4 | CB32: 4 | CC32: 4 | CD32: 4 | CE32: 4 | CF32: 4 | CG32: 4 | CH32: 4 | CI32: 4 | CJ32: 4 | CK32: 4 | CL32: 4 | CM32: 4 | CN32: 4 | CO32: 4 | CP32: 4 | CQ32: 4 | CR32: 4 | CS32: 4 | CT32: 4 | CU32: 4 | CV32: 4 | CW32: 4 | CX32: 4 | CY32: 4 | CZ32: 4 | DA32: 4 | DB32: 4 | DC32: 4 | DD32: 4 | DE32: 4 | DF32: 4 | DG32: 4 | DH32: 4 | DI32: 4 | DJ32: 4 | DK32: 4 | DL32: 4 | DM32: 4 | DN32: 4 | DO32: 4 | DP32: 4 | DQ32: 4 | DR32: 4 | DS32: 4 | DT32: 4 | DU32: Takeuchi et al. 2020
A33: NOM-IC1 | B33: Noachian Mars | D33: Iron chondrite analogue [metallic Fe (300 mg) and Ni (10 mg)], heat-treated at 450C for 6h, shock experiment with NAHCO3 + N2, 1km/sec acceleration, 300C | E33: 1 | F33: 4 | G33: 4 | H33: 4 | I33: 1 | J33: 2 | K33: 2 | L33: 4 | M33: 4 | N33: 4 | O33: 4 | P33: 4 | Q33: 4 | R33: 4 | S33: 4 | T33: 4 | U33: 4 | V33: 4 | W33: 4 | X33: 4 | Y33: 4 | Z33: 4 | AA33: 4 | AB33: 4 | AC33: 4 | AD33: 4 | AE33: 4 | AF33: 2 | AG33: 4 | AH33: 4 | AI33: 4 | AJ33: 4 | AK33: 4 | AL33: 4 | AM33: 4 | AN33: 2 | AO33: 4 | AP33: 4 | AQ33: 4 | AR33: 4 | AS33: 4 | AT33: 4 | AU33: 4 | AV33: 4 | AW33: 4 | AX33: 4 | AY33: 4 | AZ33: 4 | BA33: 4 | BB33: 4 | BC33: 4 | BD33: 4 | BE33: 4 | BF33: 4 | BG33: 4 | BH33: 4 | BI33: 4 | BJ33: 4 | BK33: 4 | BL33: 4 | BM33: 4 | BN33: 4 | BO33: 4 | BP33: 4 | BQ33: 4 | BR33: 4 | BS33: 4 | BT33: 4 | BU33: 4 | BV33: 4 | BW33: 4 | BX33: 4 | BY33: 4 | BZ33: 4 | CA33: 4 | CB33: 4 | CC33: 4 | CD33: 4 | CE33: 4 | CF33: 4 | CG33: 4 | CH33: 4 | CI33: 4 | CJ33: 4 | CK33: 4 | CL33: 4 | CM33: 4 | CN33: 4 | CO33: 4 | CP33: 4 | CQ33: 4 | CR33: 4 | CS33: 4 | CT33: 4 | CU33: 4 | CV33: 4 | CW33: 4 | CX33: 4 | CY33: 4 | CZ33: 4 | DA33: 4 | DB33: 4 | DC33: 4 | DD33: 4 | DE33: 4 | DF33: 4 | DG33: 4 | DH33: 4 | DI33: 4 | DJ33: 4 | DK33: 4 | DL33: 4 | DM33: 4 | DN33: 4 | DO33: 4 | DP33: 4 | DQ33: 4 | DR33: 4 | DS33: 4 | DT33: 4 | DU33: Takeuchi et al. 2020
A34: NOM-OC2 | B34: Noachian Mars | D34: Ordinary chondrite analogue [metallic Fe (100 mg) and Ni (10 mg), forsterite(200 mg)], heat-treated at 450C for 6h, shock experiment with NAHCO3 + N2 + 20 mmol/L NH3, 1km/sec acceleration, 300C | E34: 1 | F34: 4 | G34: 4 | H34: 4 | I34: 1 | J34: 2 | K34: 2 | L34: 4 | M34: 4 | N34: 4 | O34: 4 | P34: 4 | Q34: 4 | R34: 4 | S34: 4 | T34: 4 | U34: 4 | V34: 4 | W34: 4 | X34: 4 | Y34: 4 | Z34: 4 | AA34: 4 | AB34: 4 | AC34: 4 | AD34: 4 | AE34: 4 | AF34: 2 | AG34: 4 | AH34: 4 | AI34: 4 | AJ34: 4 | AK34: 4 | AL34: 4 | AM34: 4 | AN34: 2 | AO34: 4 | AP34: 4 | AQ34: 4 | AR34: 4 | AS34: 4 | AT34: 4 | AU34: 4 | AV34: 4 | AW34: 4 | AX34: 4 | AY34: 4 | AZ34: 4 | BA34: 4 | BB34: 4 | BC34: 4 | BD34: 4 | BE34: 4 | BF34: 4 | BG34: 4 | BH34: 4 | BI34: 4 | BJ34: 4 | BK34: 4 | BL34: 4 | BM34: 4 | BN34: 4 | BO34: 4 | BP34: 4 | BQ34: 4 | BR34: 4 | BS34: 4 | BT34: 4 | BU34: 4 | BV34: 4 | BW34: 4 | BX34: 4 | BY34: 4 | BZ34: 4 | CA34: 4 | CB34: 4 | CC34: 4 | CD34: 4 | CE34: 4 | CF34: 4 | CG34: 4 | CH34: 4 | CI34: 4 | CJ34: 4 | CK34: 4 | CL34: 4 | CM34: 4 | CN34: 4 | CO34: 4 | CP34: 4 | CQ34: 4 | CR34: 4 | CS34: 4 | CT34: 4 | CU34: 4 | CV34: 4 | CW34: 4 | CX34: 4 | CY34: 4 | CZ34: 4 | DA34: 4 | DB34: 4 | DC34: 4 | DD34: 4 | DE34: 4 | DF34: 4 | DG34: 4 | DH34: 4 | DI34: 4 | DJ34: 4 | DK34: 4 | DL34: 4 | DM34: 4 | DN34: 4 | DO34: 4 | DP34: 4 | DQ34: 4 | DR34: 4 | DS34: 4 | DT34: 4 | DU34: Takeuchi et al. 2020
A35: NOM-IC2 | B35: Noachian Mars | D35: Iron chondrite analogue [metallic Fe (300 mg) and Ni (10 mg)], heat-treated at 450C for 6h, shock experiment with NAHCO3 + N2 + 20 mmol/L NH3, 1km/sec acceleration, 300C | E35: 1 | F35: 4 | G35: 4 | H35: 4 | I35: 1 | J35: 1 | K35: 2 | L35: 4 | M35: 4 | N35: 4 | O35: 4 | P35: 4 | Q35: 4 | R35: 4 | S35: 4 | T35: 4 | U35: 4 | V35: 4 | W35: 4 | X35: 4 | Y35: 4 | Z35: 4 | AA35: 4 | AB35: 4 | AC35: 4 | AD35: 4 | AE35: 4 | AF35: 1 | AG35: 4 | AH35: 4 | AI35: 4 | AJ35: 4 | AK35: 4 | AL35: 4 | AM35: 4 | AN35: 2 | AO35: 4 | AP35: 4 | AQ35: 4 | AR35: 4 | AS35: 4 | AT35: 4 | AU35: 4 | AV35: 4 | AW35: 4 | AX35: 4 | AY35: 4 | AZ35: 4 | BA35: 4 | BB35: 4 | BC35: 4 | BD35: 4 | BE35: 4 | BF35: 4 | BG35: 4 | BH35: 4 | BI35: 4 | BJ35: 4 | BK35: 4 | BL35: 4 | BM35: 4 | BN35: 4 | BO35: 4 | BP35: 4 | BQ35: 4 | BR35: 4 | BS35: 4 | BT35: 4 | BU35: 4 | BV35: 4 | BW35: 4 | BX35: 4 | BY35: 4 | BZ35: 4 | CA35: 4 | CB35: 4 | CC35: 4 | CD35: 4 | CE35: 4 | CF35: 4 | CG35: 4 | CH35: 4 | CI35: 4 | CJ35: 4 | CK35: 4 | CL35: 4 | CM35: 4 | CN35: 4 | CO35: 4 | CP35: 4 | CQ35: 4 | CR35: 4 | CS35: 4 | CT35: 4 | CU35: 4 | CV35: 4 | CW35: 4 | CX35: 4 | CY35: 4 | CZ35: 4 | DA35: 4 | DB35: 4 | DC35: 4 | DD35: 4 | DE35: 4 | DF35: 4 | DG35: 4 | DH35: 4 | DI35: 4 | DJ35: 4 | DK35: 4 | DL35: 4 | DM35: 4 | DN35: 4 | DO35: 4 | DP35: 4 | DQ35: 4 | DR35: 4 | DS35: 4 | DT35: 4 | DU35: Takeuchi et al. 2020
A36: NOM-OC3 | B36: Noachian Mars | D36: Ordinary chondrite analogue [metallic Fe (100 mg) and Ni (10 mg), forsterite(200 mg)], heat-treated at 450C for 6h, shock experiment with NAHCO3 + N2 + 2 mol/L NH3, 1km/sec acceleration, 300C | E36: 1 | F36: 4 | G36: 4 | H36: 4 | I36: 1 | J36: 1 | K36: 1 | L36: 4 | M36: 4 | N36: 4 | O36: 4 | P36: 4 | Q36: 4 | R36: 4 | S36: 4 | T36: 4 | U36: 4 | V36: 4 | W36: 4 | X36: 4 | Y36: 4 | Z36: 4 | AA36: 4 | AB36: 4 | AC36: 4 | AD36: 4 | AE36: 4 | AF36: 1 | AG36: 4 | AH36: 4 | AI36: 4 | AJ36: 4 | AK36: 4 | AL36: 4 | AM36: 4 | AN36: 1 | AO36: 4 | AP36: 4 | AQ36: 4 | AR36: 4 | AS36: 4 | AT36: 4 | AU36: 4 | AV36: 4 | AW36: 4 | AX36: 4 | AY36: 4 | AZ36: 4 | BA36: 4 | BB36: 4 | BC36: 4 | BD36: 4 | BE36: 4 | BF36: 4 | BG36: 4 | BH36: 4 | BI36: 4 | BJ36: 4 | BK36: 4 | BL36: 4 | BM36: 4 | BN36: 4 | BO36: 4 | BP36: 4 | BQ36: 4 | BR36: 4 | BS36: 4 | BT36: 4 | BU36: 4 | BV36: 4 | BW36: 4 | BX36: 4 | BY36: 4 | BZ36: 4 | CA36: 4 | CB36: 4 | CC36: 4 | CD36: 4 | CE36: 4 | CF36: 4 | CG36: 4 | CH36: 4 | CI36: 4 | CJ36: 4 | CK36: 4 | CL36: 4 | CM36: 4 | CN36: 4 | CO36: 4 | CP36: 4 | CQ36: 4 | CR36: 4 | CS36: 4 | CT36: 4 | CU36: 4 | CV36: 4 | CW36: 4 | CX36: 4 | CY36: 4 | CZ36: 4 | DA36: 4 | DB36: 4 | DC36: 4 | DD36: 4 | DE36: 4 | DF36: 4 | DG36: 4 | DH36: 4 | DI36: 4 | DJ36: 4 | DK36: 4 | DL36: 4 | DM36: 4 | DN36: 4 | DO36: 4 | DP36: 4 | DQ36: 4 | DR36: 4 | DS36: 4 | DT36: 4 | DU36: Takeuchi et al. 2020
A37: NOM-IC3 | B37: Noachian Mars | D37: Iron chondrite analogue [metallic Fe (300 mg) and Ni (10 mg)], heat-treated at 450C for 6h, shock experiment with NAHCO3 + N2 + 2 mol/L NH3, 1km/sec acceleration, 300C | E37: 1 | F37: 4 | G37: 4 | H37: 4 | I37: 1 | J37: 1 | K37: 1 | L37: 4 | M37: 4 | N37: 4 | O37: 4 | P37: 4 | Q37: 4 | R37: 4 | S37: 4 | T37: 4 | U37: 4 | V37: 4 | W37: 4 | X37: 4 | Y37: 4 | Z37: 4 | AA37: 4 | AB37: 4 | AC37: 4 | AD37: 4 | AE37: 4 | AF37: 1 | AG37: 4 | AH37: 4 | AI37: 4 | AJ37: 4 | AK37: 4 | AL37: 4 | AM37: 4 | AN37: 1 | AO37: 4 | AP37: 4 | AQ37: 4 | AR37: 4 | AS37: 4 | AT37: 4 | AU37: 4 | AV37: 4 | AW37: 4 | AX37: 4 | AY37: 4 | AZ37: 4 | BA37: 4 | BB37: 4 | BC37: 4 | BD37: 4 | BE37: 4 | BF37: 4 | BG37: 4 | BH37: 4 | BI37: 4 | BJ37: 4 | BK37: 4 | BL37: 4 | BM37: 4 | BN37: 4 | BO37: 4 | BP37: 4 | BQ37: 4 | BR37: 4 | BS37: 4 | BT37: 4 | BU37: 4 | BV37: 4 | BW37: 4 | BX37: 4 | BY37: 4 | BZ37: 4 | CA37: 4 | CB37: 4 | CC37: 4 | CD37: 4 | CE37: 4 | CF37: 4 | CG37: 4 | CH37: 4 | CI37: 4 | CJ37: 4 | CK37: 4 | CL37: 4 | CM37: 4 | CN37: 4 | CO37: 4 | CP37: 4 | CQ37: 4 | CR37: 4 | CS37: 4 | CT37: 4 | CU37: 4 | CV37: 4 | CW37: 4 | CX37: 4 | CY37: 4 | CZ37: 4 | DA37: 4 | DB37: 4 | DC37: 4 | DD37: 4 | DE37: 4 | DF37: 4 | DG37: 4 | DH37: 4 | DI37: 4 | DJ37: 4 | DK37: 4 | DL37: 4 | DM37: 4 | DN37: 4 | DO37: 4 | DP37: 4 | DQ37: 4 | DR37: 4 | DS37: 4 | DT37: 4 | DU37: Takeuchi et al. 2020
A38: TIT-RF1 | B38: Titan | C38: Atmosphere | D38: Radio frequency discharge (30 W, 13.6 MHz),0.9 mbar, N2/CH4/CO mixture (96.2%/2.0%/1.8%), 330K, 8 h analysis | E38: 1 | F38: 4 | G38: 4 | H38: 4 | I38: 1 | J38: 4 | K38: 4 | L38: 4 | M38: 4 | N38: 3 | O38: 4 | P38: 4 | Q38: 4 | R38: 4 | S38: 4 | T38: 4 | U38: 3 | V38: 4 | W38: 4 | X38: 4 | Y38: 3 | Z38: 4 | AA38: 4 | AB38: 4 | AC38: 4 | AD38: 4 | AE38: 4 | AF38: 4 | AG38: 4 | AH38: 4 | AI38: 4 | AJ38: 4 | AK38: 4 | AL38: 4 | AM38: 4 | AN38: 4 | AO38: 4 | AP38: 4 | AQ38: 4 | AR38: 4 | AS38: 4 | AT38: 4 | AU38: 4 | AV38: 4 | AW38: 4 | AX38: 4 | AY38: 4 | AZ38: 3 | BA38: 4 | BB38: 4 | BC38: 4 | BD38: 4 | BE38: 3 | BF38: 4 | BG38: 4 | BH38: 4 | BI38: 4 | BJ38: 4 | BK38: 4 | BL38: 4 | BM38: 4 | BN38: 4 | BO38: 4 | BP38: 4 | BQ38: 4 | BR38: 4 | BS38: 4 | BT38: 4 | BU38: 4 | BV38: 4 | BW38: 4 | BX38: 4 | BY38: 3 | BZ38: 4 | CA38: 3 | CB38: 4 | CC38: 4 | CD38: 4 | CE38: 4 | CF38: 4 | CG38: 4 | CH38: 4 | CI38: 4 | CJ38: 3 | CK38: 4 | CL38: 4 | CM38: 4 | CN38: 4 | CO38: 4 | CP38: 4 | CQ38: 4 | CR38: 4 | CS38: 4 | CT38: 4 | CU38: 4 | CV38: 4 | CW38: 3 | CX38: 4 | CY38: 4 | CZ38: 3 | DA38: 4 | DB38: 4 | DC38: 4 | DD38: 3 | DE38: 4 | DF38: 4 | DG38: 4 | DH38: 3 | DI38: 4 | DJ38: 4 | DK38: 3 | DL38: 4 | DM38: 4 | DN38: 3 | DO38: 4 | DP38: 4 | DQ38: 4 | DR38: 4 | DS38: 4 | DT38: 4 | DU38: Hörst et al. 2012
A39: TIT-RF2 | B39: Titan | C39: Atmosphere | D39: Radio frequency discharge (30 W, 13.6 MHz),0.9 mbar, N2/CH4/C18O mixture (96.2%/2.0%/1.8%), 330K, 8 h analysis | E39: 2 | F39: 4 | G39: 4 | H39: 4 | I39: 2 | J39: 4 | K39: 4 | L39: 4 | M39: 4 | N39: 2 | O39: 4 | P39: 4 | Q39: 4 | R39: 4 | S39: 4 | T39: 4 | U39: 2 | V39: 4 | W39: 4 | X39: 4 | Y39: 2 | Z39: 4 | AA39: 4 | AB39: 4 | AC39: 4 | AD39: 4 | AE39: 4 | AF39: 4 | AG39: 4 | AH39: 4 | AI39: 4 | AJ39: 4 | AK39: 4 | AL39: 4 | AM39: 4 | AN39: 4 | AO39: 4 | AP39: 4 | AQ39: 4 | AR39: 4 | AS39: 4 | AT39: 4 | AU39: 4 | AV39: 4 | AW39: 4 | AX39: 4 | AY39: 4 | AZ39: 2 | BA39: 4 | BB39: 4 | BC39: 4 | BD39: 4 | BE39: 2 | BF39: 4 | BG39: 4 | BH39: 4 | BI39: 4 | BJ39: 4 | BK39: 4 | BL39: 4 | BM39: 4 | BN39: 4 | BO39: 4 | BP39: 4 | BQ39: 4 | BR39: 4 | BS39: 4 | BT39: 4 | BU39: 4 | BV39: 4 | BW39: 4 | BX39: 4 | BY39: 2 | BZ39: 4 | CA39: 2 | CB39: 4 | CC39: 4 | CD39: 4 | CE39: 4 | CF39: 4 | CG39: 4 | CH39: 4 | CI39: 4 | CJ39: 2 | CK39: 4 | CL39: 4 | CM39: 4 | CN39: 4 | CO39: 4 | CP39: 4 | CQ39: 4 | CR39: 4 | CS39: 4 | CT39: 4 | CU39: 4 | CV39: 4 | CW39: 2 | CX39: 4 | CY39: 4 | CZ39: 2 | DA39: 4 | DB39: 4 | DC39: 4 | DD39: 2 | DE39: 4 | DF39: 4 | DG39: 4 | DH39: 2 | DI39: 4 | DJ39: 4 | DK39: 2 | DL39: 4 | DM39: 4 | DN39: 2 | DO39: 4 | DP39: 4 | DQ39: 4 | DR39: 4 | DS39: 4 | DT39: 4 | DU39: Hörst et al. 2012
A40: TIT-RF3 | B40: Titan | C40: Atmosphere | D40: Radio frequency discharge (30 W, 13.6 MHz),0.9 mbar, N2/CH4/CO mixture (93.2%/5.0%/1.8%), 330K, 8 h analysis | E40: 1 | F40: 4 | G40: 4 | H40: 4 | I40: 1 | J40: 4 | K40: 4 | L40: 4 | M40: 4 | N40: 3 | O40: 4 | P40: 4 | Q40: 4 | R40: 4 | S40: 4 | T40: 4 | U40: 3 | V40: 4 | W40: 4 | X40: 4 | Y40: 3 | Z40: 4 | AA40: 4 | AB40: 4 | AC40: 4 | AD40: 4 | AE40: 4 | AF40: 4 | AG40: 4 | AH40: 4 | AI40: 4 | AJ40: 4 | AK40: 4 | AL40: 4 | AM40: 4 | AN40: 4 | AO40: 4 | AP40: 4 | AQ40: 4 | AR40: 4 | AS40: 4 | AT40: 4 | AU40: 4 | AV40: 4 | AW40: 4 | AX40: 4 | AY40: 4 | AZ40: 3 | BA40: 4 | BB40: 4 | BC40: 4 | BD40: 4 | BE40: 3 | BF40: 4 | BG40: 4 | BH40: 4 | BI40: 4 | BJ40: 4 | BK40: 4 | BL40: 4 | BM40: 4 | BN40: 4 | BO40: 4 | BP40: 4 | BQ40: 4 | BR40: 4 | BS40: 4 | BT40: 4 | BU40: 4 | BV40: 4 | BW40: 4 | BX40: 4 | BY40: 3 | BZ40: 4 | CA40: 3 | CB40: 4 | CC40: 4 | CD40: 4 | CE40: 4 | CF40: 4 | CG40: 4 | CH40: 4 | CI40: 4 | CJ40: 3 | CK40: 4 | CL40: 4 | CM40: 4 | CN40: 4 | CO40: 4 | CP40: 4 | CQ40: 4 | CR40: 4 | CS40: 4 | CT40: 4 | CU40: 4 | CV40: 4 | CW40: 3 | CX40: 4 | CY40: 4 | CZ40: 3 | DA40: 4 | DB40: 4 | DC40: 4 | DD40: 3 | DE40: 4 | DF40: 4 | DG40: 4 | DH40: 3 | DI40: 4 | DJ40: 4 | DK40: 3 | DL40: 4 | DM40: 4 | DN40: 3 | DO40: 4 | DP40: 4 | DQ40: 4 | DR40: 4 | DS40: 4 | DT40: 4 | DU40: Hörst et al. 2012
A41: TIT-RF4 | B41: Titan | C41: Atmosphere | D41: Radio frequency discharge (30 W, 13.6 MHz),0.9 mbar, N2/CH4/C18O mixture (93.2%/5.0%/1.8%), 330K, 8 h analysis | E41: 2 | F41: 4 | G41: 4 | H41: 4 | I41: 2 | J41: 4 | K41: 4 | L41: 4 | M41: 4 | N41: 2 | O41: 4 | P41: 4 | Q41: 4 | R41: 4 | S41: 4 | T41: 4 | U41: 2 | V41: 4 | W41: 4 | X41: 4 | Y41: 2 | Z41: 4 | AA41: 4 | AB41: 4 | AC41: 4 | AD41: 4 | AE41: 4 | AF41: 4 | AG41: 4 | AH41: 4 | AI41: 4 | AJ41: 4 | AK41: 4 | AL41: 4 | AM41: 4 | AN41: 4 | AO41: 4 | AP41: 4 | AQ41: 4 | AR41: 4 | AS41: 4 | AT41: 4 | AU41: 4 | AV41: 4 | AW41: 4 | AX41: 4 | AY41: 4 | AZ41: 2 | BA41: 4 | BB41: 4 | BC41: 4 | BD41: 4 | BE41: 2 | BF41: 4 | BG41: 4 | BH41: 4 | BI41: 4 | BJ41: 4 | BK41: 4 | BL41: 4 | BM41: 4 | BN41: 4 | BO41: 4 | BP41: 4 | BQ41: 4 | BR41: 4 | BS41: 4 | BT41: 4 | BU41: 4 | BV41: 4 | BW41: 4 | BX41: 4 | BY41: 2 | BZ41: 4 | CA41: 2 | CB41: 4 | CC41: 4 | CD41: 4 | CE41: 4 | CF41: 4 | CG41: 4 | CH41: 4 | CI41: 4 | CJ41: 2 | CK41: 4 | CL41: 4 | CM41: 4 | CN41: 4 | CO41: 4 | CP41: 4 | CQ41: 4 | CR41: 4 | CS41: 4 | CT41: 4 | CU41: 4 | CV41: 4 | CW41: 2 | CX41: 4 | CY41: 4 | CZ41: 2 | DA41: 4 | DB41: 4 | DC41: 4 | DD41: 2 | DE41: 4 | DF41: 4 | DG41: 4 | DH41: 1 | DI41: 4 | DJ41: 4 | DK41: 2 | DL41: 4 | DM41: 4 | DN41: 2 | DO41: 4 | DP41: 4 | DQ41: 4 | DR41: 4 | DS41: 4 | DT41: 4 | DU41: Hörst et al. 2012
A42: TIT-MP1 | B42: Titan | C42: Icy surface | D42: H2O + 12CH313CN ice, 10-25 K, vacuum (10-7 torr), 10-20 MeV H+ irradiation | E42: 1 | F42: 4 | G42: 4 | H42: 4 | I42: 1 | J42: 1 | K42: 4 | L42: 4 | M42: 4 | N42: 4 | O42: 4 | P42: 4 | Q42: 4 | R42: 4 | S42: 4 | T42: 4 | U42: 1 | V42: 4 | W42: 4 | X42: 4 | Y42: 4 | Z42: 4 | AA42: 4 | AB42: 4 | AC42: 4 | AD42: 4 | AE42: 4 | AF42: 1 | AG42: 4 | AH42: 4 | AI42: 1 | AJ42: 1 | AK42: 4 | AL42: 4 | AM42: 4 | AN42: 4 | AO42: 4 | AP42: 4 | AQ42: 4 | AR42: 4 | AS42: 4 | AT42: 4 | AU42: 4 | AV42: 4 | AW42: 4 | AX42: 4 | AY42: 4 | AZ42: 4 | BA42: 4 | BB42: 4 | BC42: 4 | BD42: 4 | BE42: 4 | BF42: 4 | BG42: 4 | BH42: 4 | BI42: 4 | BJ42: 4 | BK42: 4 | BL42: 4 | BM42: 4 | BN42: 4 | BO42: 4 | BP42: 4 | BQ42: 4 | BR42: 4 | BS42: 4 | BT42: 4 | BU42: 4 | BV42: 4 | BW42: 4 | BX42: 4 | BY42: 1 | BZ42: 4 | CA42: 4 | CB42: 4 | CC42: 4 | CD42: 4 | CE42: 4 | CF42: 4 | CG42: 4 | CH42: 4 | CI42: 4 | CJ42: 4 | CK42: 4 | CL42: 4 | CM42: 4 | CN42: 4 | CO42: 4 | CP42: 4 | CQ42: 4 | CR42: 4 | CS42: 4 | CT42: 4 | CU42: 4 | CV42: 4 | CW42: 4 | CX42: 4 | CY42: 4 | CZ42: 4 | DA42: 4 | DB42: 4 | DC42: 4 | DD42: 4 | DE42: 4 | DF42: 4 | DG42: 4 | DH42: 4 | DI42: 4 | DJ42: 4 | DK42: 4 | DL42: 4 | DM42: 4 | DN42: 4 | DO42: 4 | DP42: 4 | DQ42: 4 | DR42: 4 | DS42: 4 | DT42: 4 | DU42: Hudson et al. 2008
A43: TIT-MP2 | B43: Titan | C43: Impact melt pool | D43: Electrical discharge (4.5 atm L h-1), 880 Pa, N2/CH4 mixture (98%/2%), 195K, further hydrolysis in ammonia-H2O soln at 253 K for 1 year | E43: 3 | F43: 4 | G43: 4 | H43: 4 | I43: 3 | J43: 4 | K43: 4 | L43: 4 | M43: 4 | N43: 3 | O43: 4 | P43: 4 | Q43: 4 | R43: 4 | S43: 4 | T43: 4 | U43: 3 | V43: 4 | W43: 4 | X43: 4 | Y43: 2 | Z43: 4 | AA43: 4 | AB43: 4 | AC43: 4 | AD43: 4 | AE43: 4 | AF43: 4 | AG43: 4 | AH43: 4 | AI43: 4 | AJ43: 4 | AK43: 4 | AL43: 4 | AM43: 4 | AN43: 4 | AO43: 4 | AP43: 4 | AQ43: 4 | AR43: 4 | AS43: 4 | AT43: 4 | AU43: 4 | AV43: 4 | AW43: 4 | AX43: 4 | AY43: 4 | AZ43: 1 | BA43: 4 | BB43: 4 | BC43: 4 | BD43: 4 | BE43: 4 | BF43: 4 | BG43: 4 | BH43: 4 | BI43: 4 | BJ43: 4 | BK43: 4 | BL43: 4 | BM43: 4 | BN43: 4 | BO43: 4 | BP43: 4 | BQ43: 4 | BR43: 4 | BS43: 4 | BT43: 4 | BU43: 4 | BV43: 4 | BW43: 4 | BX43: 4 | BY43: 3 | BZ43: 4 | CA43: 2 | CB43: 4 | CC43: 4 | CD43: 4 | CE43: 4 | CF43: 4 | CG43: 4 | CH43: 4 | CI43: 4 | CJ43: 1 | CK43: 4 | CL43: 4 | CM43: 4 | CN43: 4 | CO43: 4 | CP43: 4 | CQ43: 4 | CR43: 4 | CS43: 4 | CT43: 4 | CU43: 4 | CV43: 4 | CW43: 4 | CX43: 4 | CY43: 4 | CZ43: 3 | DA43: 4 | DB43: 4 | DC43: 4 | DD43: 3 | DE43: 4 | DF43: 4 | DG43: 4 | DH43: 1 | DI43: 4 | DJ43: 4 | DK43: 3 | DL43: 4 | DM43: 4 | DN43: 3 | DO43: 4 | DP43: 4 | DQ43: 4 | DR43: 4 | DS43: 4 | DT43: 4 | DU43: Neish et al. 2010
A44: TIT-ICE | B44: Titan | C44: Impact melt pool | D44: Electrical discharge (4.5 atm L h-1), 880 Pa, N2/CH4 mixture (98%/2%), 195K, further hydrolysis in ammonia-H2O soln at 293 K for 1 year | E44: 3 | F44: 4 | G44: 4 | H44: 4 | I44: 3 | J44: 4 | K44: 4 | L44: 4 | M44: 4 | N44: 3 | O44: 4 | P44: 4 | Q44: 4 | R44: 4 | S44: 4 | T44: 4 | U44: 1 | V44: 4 | W44: 4 | X44: 4 | Y44: 3 | Z44: 4 | AA44: 4 | AB44: 4 | AC44: 4 | AD44: 4 | AE44: 4 | AF44: 4 | AG44: 4 | AH44: 4 | AI44: 4 | AJ44: 4 | AK44: 4 | AL44: 4 | AM44: 4 | AN44: 4 | AO44: 4 | AP44: 4 | AQ44: 4 | AR44: 4 | AS44: 4 | AT44: 4 | AU44: 4 | AV44: 4 | AW44: 4 | AX44: 4 | AY44: 4 | AZ44: 3 | BA44: 4 | BB44: 4 | BC44: 4 | BD44: 4 | BE44: 4 | BF44: 4 | BG44: 4 | BH44: 4 | BI44: 4 | BJ44: 4 | BK44: 4 | BL44: 4 | BM44: 4 | BN44: 4 | BO44: 4 | BP44: 4 | BQ44: 4 | BR44: 4 | BS44: 4 | BT44: 4 | BU44: 4 | BV44: 4 | BW44: 4 | BX44: 4 | BY44: 1 | BZ44: 4 | CA44: 3 | CB44: 4 | CC44: 4 | CD44: 4 | CE44: 4 | CF44: 4 | CG44: 4 | CH44: 4 | CI44: 4 | CJ44: 1 | CK44: 4 | CL44: 4 | CM44: 4 | CN44: 4 | CO44: 4 | CP44: 4 | CQ44: 4 | CR44: 4 | CS44: 4 | CT44: 4 | CU44: 4 | CV44: 4 | CW44: 4 | CX44: 4 | CY44: 4 | CZ44: 3 | DA44: 4 | DB44: 4 | DC44: 4 | DD44: 3 | DE44: 4 | DF44: 4 | DG44: 4 | DH44: 3 | DI44: 4 | DJ44: 4 | DK44: 3 | DL44: 4 | DM44: 4 | DN44: 3 | DO44: 4 | DP44: 4 | DQ44: 4 | DR44: 4 | DS44: 4 | DT44: 4 | DU44: Neish et al. 2010
A45: AA Synthesis-1 | B45: Interstellar Clouds | E45: 1 | F45: 4 | G45: 1 | H45: 1 | I45: 4 | J45: 1 | K45: 2 | L45: 1 | M45: 1 | N45: 4 | O45: 4 | P45: 4 | Q45: 4 | R45: 4 | S45: 2 | T45: 3 | U45: 4 | V45: 4 | W45: 2 | X45: 3 | Y45: 4 | Z45: 1 | AA45: 1 | AB45: 1 | AC45: 4 | AD45: 1 | AE45: 1 | AF45: 4 | AG45: 1 | AH45: 1 | AI45: 4 | AJ45: 2 | AK45: 4 | AL45: 2 | AM45: 2 | AN45: 4 | AO45: 4 | AP45: 1 | AQ45: 2 | AR45: 2 | AS45: 2 | AT45: 2 | AU45: 2 | AV45: 2 | AW45: 2 | AX45: 1 | AY45: 4 | AZ45: 4 | BA45: 4 | BB45: 4 | BC45: 2 | BD45: 2 | BE45: 4 | BF45: 2 | BG45: 2 | BH45: 4 | BI45: 2 | BJ45: 2 | BK45: 4 | BL45: 4 | BM45: 4 | BN45: 4 | BO45: 4 | BP45: 4 | BQ45: 4 | BR45: 4 | BS45: 4 | BT45: 4 | BU45: 4 | BV45: 4 | BW45: 2 | BX45: 3 | BY45: 4 | BZ45: 4 | CA45: 4 | CB45: 4 | CC45: 4 | CD45: 4 | CE45: 4 | CF45: 4 | CG45: 4 | CH45: 4 | CI45: 4 | CJ45: 4 | CK45: 4 | CL45: 2 | CM45: 2 | CN45: 4 | CO45: 2 | CP45: 2 | CQ45: 4 | CR45: 4 | CS45: 4 | CT45: 4 | CU45: 2 | CV45: 2 | CW45: 4 | CX45: 2 | CY45: 2 | CZ45: 4 | DA45: 4 | DB45: 4 | DC45: 4 | DD45: 4 | DE45: 4 | DF45: 4 | DG45: 4 | DH45: 4 | DI45: 4 | DJ45: 4 | DK45: 4 | DL45: 4 | DM45: 4 | DN45: 4 | DO45: 4 | DP45: 4 | DQ45: 4 | DR45: 4 | DS45: 4 | DT45: 4 | DU45: Koga et al. 2017
A46: AA Synthesis-2 | B46: Interstellar Clouds | E46: 1 | F46: 4 | G46: 1 | H46: 1 | I46: 4 | J46: 1 | K46: 2 | L46: 1 | M46: 1 | N46: 4 | O46: 4 | P46: 4 | Q46: 4 | R46: 4 | S46: 1 | T46: 1 | U46: 4 | V46: 4 | W46: 2 | X46: 1 | Y46: 4 | Z46: 1 | AA46: 1 | AB46: 1 | AC46: 4 | AD46: 1 | AE46: 1 | AF46: 4 | AG46: 1 | AH46: 1 | AI46: 4 | AJ46: 3 | AK46: 4 | AL46: 1 | AM46: 1 | AN46: 4 | AO46: 4 | AP46: 1 | AQ46: 2 | AR46: 2 | AS46: 1 | AT46: 1 | AU46: 1 | AV46: 4 | AW46: 1 | AX46: 1 | AY46: 4 | AZ46: 4 | BA46: 4 | BB46: 4 | BC46: 2 | BD46: 2 | BE46: 4 | BF46: 2 | BG46: 2 | BH46: 4 | BI46: 2 | BJ46: 2 | BK46: 4 | BL46: 4 | BM46: 4 | BN46: 4 | BO46: 4 | BP46: 4 | BQ46: 4 | BR46: 4 | BS46: 4 | BT46: 4 | BU46: 4 | BV46: 4 | BW46: 2 | BX46: 3 | BY46: 4 | BZ46: 4 | CA46: 4 | CB46: 4 | CC46: 4 | CD46: 4 | CE46: 4 | CF46: 4 | CG46: 4 | CH46: 4 | CI46: 4 | CJ46: 4 | CK46: 4 | CL46: 1 | CM46: 1 | CN46: 4 | CO46: 2 | CP46: 2 | CQ46: 4 | CR46: 4 | CS46: 4 | CT46: 4 | CU46: 2 | CV46: 3 | CW46: 4 | CX46: 2 | CY46: 3 | CZ46: 4 | DA46: 4 | DB46: 4 | DC46: 4 | DD46: 4 | DE46: 4 | DF46: 4 | DG46: 4 | DH46: 4 | DI46: 4 | DJ46: 4 | DK46: 4 | DL46: 4 | DM46: 4 | DN46: 4 | DO46: 4 | DP46: 4 | DQ46: 4 | DR46: 4 | DS46: 4 | DT46: 4 | DU46: Koga et al. 2017
A47: Imilac metal | B47: Meteorite | C47: Main Group Pallasites | E47: 1 | F47: 4 | G47: 1 | H47: 1 | I47: 4 | J47: 1 | K47: 4 | L47: 1 | M47: 1 | N47: 4 | O47: 4 | P47: 4 | Q47: 4 | R47: 4 | S47: 1 | T47: 3 | U47: 4 | V47: 4 | W47: 4 | X47: 4 | Y47: 4 | Z47: 4 | AA47: 4 | AB47: 4 | AC47: 4 | AD47: 4 | AE47: 4 | AF47: 1 | AG47: 1 | AH47: 1 | AI47: 4 | AJ47: 3 | AK47: 1 | AL47: 4 | AM47: 4 | AN47: 3 | AO47: 4 | AP47: 4 | AQ47: 4 | AR47: 4 | AS47: 4 | AT47: 4 | AU47: 4 | AV47: 4 | AW47: 4 | AX47: 4 | AY47: 4 | AZ47: 4 | BA47: 4 | BB47: 4 | BC47: 3 | BD47: 3 | BE47: 4 | BF47: 3 | BG47: 3 | BH47: 4 | BI47: 3 | BJ47: 3 | BK47: 4 | BL47: 4 | BM47: 4 | BN47: 1 | BO47: 3 | BP47: 3 | BQ47: 4 | BR47: 4 | BS47: 1 | BT47: 3 | BU47: 3 | BV47: 1 | BW47: 3 | BX47: 3 | BY47: 4 | BZ47: 4 | CA47: 4 | CB47: 4 | CC47: 4 | CD47: 4 | CE47: 4 | CF47: 4 | CG47: 4 | CH47: 4 | CI47: 4 | CJ47: 4 | CK47: 4 | CL47: 4 | CM47: 4 | CN47: 4 | CO47: 4 | CP47: 4 | CQ47: 4 | CR47: 4 | CS47: 4 | CT47: 3 | CU47: 3 | CV47: 1 | CW47: 4 | CX47: 3 | CY47: 1 | CZ47: 4 | DA47: 4 | DB47: 4 | DC47: 4 | DD47: 4 | DE47: 4 | DF47: 4 | DG47: 4 | DH47: 4 | DI47: 4 | DJ47: 4 | DK47: 4 | DL47: 4 | DM47: 4 | DN47: 4 | DO47: 4 | DP47: 4 | DQ47: 4 | DR47: 4 | DS47: 4 | DT47: 4 | DU47: Elsila et al. 2021
A48: Imilac silicate | B48: Meteorite | C48: Main Group Pallasites | E48: 1 | F48: 4 | G48: 1 | H48: 1 | I48: 4 | J48: 1 | K48: 4 | L48: 1 | M48: 1 | N48: 4 | O48: 4 | P48: 4 | Q48: 4 | R48: 4 | S48: 1 | T48: 1 | U48: 4 | V48: 4 | W48: 4 | X48: 4 | Y48: 4 | Z48: 4 | AA48: 4 | AB48: 4 | AC48: 4 | AD48: 4 | AE48: 4 | AF48: 3 | AG48: 1 | AH48: 1 | AI48: 4 | AJ48: 3 | AK48: 1 | AL48: 4 | AM48: 4 | AN48: 3 | AO48: 4 | AP48: 4 | AQ48: 4 | AR48: 4 | AS48: 4 | AT48: 4 | AU48: 4 | AV48: 4 | AW48: 4 | AX48: 4 | AY48: 4 | AZ48: 4 | BA48: 4 | BB48: 4 | BC48: 3 | BD48: 1 | BE48: 4 | BF48: 3 | BG48: 3 | BH48: 4 | BI48: 3 | BJ48: 3 | BK48: 4 | BL48: 4 | BM48: 4 | BN48: 1 | BO48: 3 | BP48: 3 | BQ48: 4 | BR48: 4 | BS48: 3 | BT48: 3 | BU48: 3 | BV48: 1 | BW48: 1 | BX48: 1 | BY48: 4 | BZ48: 4 | CA48: 4 | CB48: 4 | CC48: 4 | CD48: 4 | CE48: 4 | CF48: 4 | CG48: 4 | CH48: 4 | CI48: 4 | CJ48: 4 | CK48: 4 | CL48: 4 | CM48: 4 | CN48: 4 | CO48: 4 | CP48: 4 | CQ48: 4 | CR48: 4 | CS48: 4 | CT48: 1 | CU48: 3 | CV48: 1 | CW48: 4 | CX48: 3 | CY48: 1 | CZ48: 4 | DA48: 4 | DB48: 4 | DC48: 4 | DD48: 4 | DE48: 4 | DF48: 4 | DG48: 4 | DH48: 4 | DI48: 4 | DJ48: 4 | DK48: 4 | DL48: 4 | DM48: 4 | DN48: 4 | DO48: 4 | DP48: 4 | DQ48: 4 | DR48: 4 | DS48: 4 | DT48: 4 | DU48: Elsila et al. 2021
A49: Canyon Diablo | B49: Meteorite | C49: Iron Meteorite Group | E49: 1 | F49: 4 | G49: 1 | H49: 1 | I49: 4 | J49: 1 | K49: 4 | L49: 1 | M49: 1 | N49: 4 | O49: 4 | P49: 4 | Q49: 4 | R49: 4 | S49: 3 | T49: 1 | U49: 4 | V49: 4 | W49: 4 | X49: 4 | Y49: 4 | Z49: 4 | AA49: 4 | AB49: 4 | AC49: 4 | AD49: 4 | AE49: 4 | AF49: 1 | AG49: 1 | AH49: 1 | AI49: 4 | AJ49: 3 | AK49: 1 | AL49: 4 | AM49: 4 | AN49: 3 | AO49: 4 | AP49: 4 | AQ49: 4 | AR49: 4 | AS49: 4 | AT49: 4 | AU49: 4 | AV49: 4 | AW49: 4 | AX49: 4 | AY49: 4 | AZ49: 4 | BA49: 4 | BB49: 4 | BC49: 3 | BD49: 1 | BE49: 4 | BF49: 2 | BG49: 3 | BH49: 4 | BI49: 3 | BJ49: 3 | BK49: 4 | BL49: 4 | BM49: 4 | BN49: 1 | BO49: 3 | BP49: 3 | BQ49: 4 | BR49: 4 | BS49: 1 | BT49: 3 | BU49: 3 | BV49: 1 | BW49: 3 | BX49: 1 | BY49: 4 | BZ49: 4 | CA49: 4 | CB49: 4 | CC49: 4 | CD49: 4 | CE49: 4 | CF49: 4 | CG49: 4 | CH49: 4 | CI49: 4 | CJ49: 4 | CK49: 4 | CL49: 4 | CM49: 4 | CN49: 4 | CO49: 4 | CP49: 4 | CQ49: 4 | CR49: 4 | CS49: 4 | CT49: 3 | CU49: 3 | CV49: 1 | CW49: 4 | CX49: 3 | CY49: 1 | CZ49: 4 | DA49: 4 | DB49: 4 | DC49: 4 | DD49: 4 | DE49: 4 | DF49: 4 | DG49: 4 | DH49: 4 | DI49: 4 | DJ49: 4 | DK49: 4 | DL49: 4 | DM49: 4 | DN49: 4 | DO49: 4 | DP49: 4 | DQ49: 4 | DR49: 4 | DS49: 4 | DT49: 4 | DU49: Elsila et al. 2021
A50: Cape York | B50: Meteorite | C50: Iron Meteorite Group | E50: 1 | F50: 4 | G50: 1 | H50: 1 | I50: 4 | J50: 1 | K50: 4 | L50: 1 | M50: 1 | N50: 4 | O50: 4 | P50: 4 | Q50: 4 | R50: 4 | S50: 1 | T50: 1 | U50: 4 | V50: 4 | W50: 4 | X50: 4 | Y50: 4 | Z50: 4 | AA50: 4 | AB50: 4 | AC50: 4 | AD50: 4 | AE50: 4 | AF50: 1 | AG50: 1 | AH50: 1 | AI50: 4 | AJ50: 3 | AK50: 1 | AL50: 4 | AM50: 4 | AN50: 3 | AO50: 4 | AP50: 4 | AQ50: 4 | AR50: 4 | AS50: 4 | AT50: 4 | AU50: 4 | AV50: 4 | AW50: 4 | AX50: 4 | AY50: 4 | AZ50: 4 | BA50: 4 | BB50: 4 | BC50: 3 | BD50: 3 | BE50: 4 | BF50: 3 | BG50: 3 | BH50: 4 | BI50: 3 | BJ50: 3 | BK50: 4 | BL50: 4 | BM50: 4 | BN50: 1 | BO50: 3 | BP50: 3 | BQ50: 4 | BR50: 4 | BS50: 1 | BT50: 3 | BU50: 3 | BV50: 1 | BW50: 3 | BX50: 1 | BY50: 4 | BZ50: 4 | CA50: 4 | CB50: 4 | CC50: 4 | CD50: 4 | CE50: 4 | CF50: 4 | CG50: 4 | CH50: 4 | CI50: 4 | CJ50: 4 | CK50: 4 | CL50: 4 | CM50: 4 | CN50: 4 | CO50: 4 | CP50: 4 | CQ50: 4 | CR50: 4 | CS50: 4 | CT50: 1 | CU50: 3 | CV50: 1 | CW50: 4 | CX50: 3 | CY50: 1 | CZ50: 4 | DA50: 4 | DB50: 4 | DC50: 4 | DD50: 4 | DE50: 4 | DF50: 4 | DG50: 4 | DH50: 4 | DI50: 4 | DJ50: 4 | DK50: 4 | DL50: 4 | DM50: 4 | DN50: 4 | DO50: 4 | DP50: 4 | DQ50: 4 | DR50: 4 | DS50: 4 | DT50: 4 | DU50: Elsila et al. 2021
A51: Campo del Cielo | B51: Meteorite | C51: Iron Meteorite Group | E51: 1 | F51: 4 | G51: 1 | H51: 1 | I51: 4 | J51: 1 | K51: 4 | L51: 3 | M51: 2 | N51: 4 | O51: 4 | P51: 4 | Q51: 4 | R51: 4 | S51: 3 | T51: 3 | U51: 4 | V51: 4 | W51: 4 | X51: 4 | Y51: 4 | Z51: 4 | AA51: 4 | AB51: 4 | AC51: 4 | AD51: 4 | AE51: 4 | AF51: 1 | AG51: 1 | AH51: 1 | AI51: 4 | AJ51: 3 | AK51: 1 | AL51: 4 | AM51: 4 | AN51: 3 | AO51: 4 | AP51: 4 | AQ51: 4 | AR51: 4 | AS51: 4 | AT51: 4 | AU51: 4 | AV51: 4 | AW51: 4 | AX51: 4 | AY51: 4 | AZ51: 4 | BA51: 4 | BB51: 4 | BC51: 3 | BD51: 3 | BE51: 4 | BF51: 3 | BG51: 3 | BH51: 4 | BI51: 1 | BJ51: 1 | BK51: 4 | BL51: 4 | BM51: 4 | BN51: 1 | BO51: 3 | BP51: 3 | BQ51: 4 | BR51: 4 | BS51: 1 | BT51: 3 | BU51: 3 | BV51: 1 | BW51: 3 | BX51: 3 | BY51: 4 | BZ51: 4 | CA51: 4 | CB51: 4 | CC51: 4 | CD51: 4 | CE51: 4 | CF51: 4 | CG51: 4 | CH51: 4 | CI51: 4 | CJ51: 4 | CK51: 4 | CL51: 4 | CM51: 4 | CN51: 4 | CO51: 4 | CP51: 4 | CQ51: 4 | CR51: 4 | CS51: 4 | CT51: 2 | CU51: 3 | CV51: 3 | CW51: 4 | CX51: 3 | CY51: 3 | CZ51: 4 | DA51: 4 | DB51: 4 | DC51: 4 | DD51: 4 | DE51: 4 | DF51: 4 | DG51: 4 | DH51: 4 | DI51: 4 | DJ51: 4 | DK51: 4 | DL51: 4 | DM51: 4 | DN51: 4 | DO51: 4 | DP51: 4 | DQ51: 4 | DR51: 4 | DS51: 4 | DT51: 4 | DU51: Elsila et al. 2021
A52: GRO 95577a | B52: Meteorite | C52: CR | E52: 1 | F52: 4 | G52: 1 | H52: 1 | I52: 4 | J52: 1 | K52: 4 | L52: 4 | M52: 4 | N52: 4 | O52: 4 | P52: 4 | Q52: 4 | R52: 4 | S52: 1 | T52: 1 | U52: 4 | V52: 4 | W52: 4 | X52: 4 | Y52: 4 | Z52: 4 | AA52: 4 | AB52: 4 | AC52: 4 | AD52: 4 | AE52: 4 | AF52: 4 | AG52: 4 | AH52: 4 | AI52: 1 | AJ52: 1 | AK52: 1 | AL52: 4 | AM52: 4 | AN52: 1 | AO52: 4 | AP52: 4 | AQ52: 4 | AR52: 4 | AS52: 4 | AT52: 4 | AU52: 4 | AV52: 4 | AW52: 4 | AX52: 4 | AY52: 4 | AZ52: 4 | BA52: 4 | BB52: 4 | BC52: 1 | BD52: 1 | BE52: 4 | BF52: 4 | BG52: 4 | BH52: 3 | BI52: 4 | BJ52: 4 | BK52: 4 | BL52: 4 | BM52: 4 | BN52: 4 | BO52: 4 | BP52: 4 | BQ52: 4 | BR52: 4 | BS52: 4 | BT52: 4 | BU52: 4 | BV52: 4 | BW52: 4 | BX52: 4 | BY52: 4 | BZ52: 4 | CA52: 4 | CB52: 4 | CC52: 4 | CD52: 4 | CE52: 4 | CF52: 4 | CG52: 4 | CH52: 4 | CI52: 4 | CJ52: 4 | CK52: 4 | CL52: 4 | CM52: 4 | CN52: 4 | CO52: 4 | CP52: 4 | CQ52: 4 | CR52: 4 | CS52: 4 | CT52: 4 | CU52: 4 | CV52: 4 | CW52: 4 | CX52: 4 | CY52: 4 | CZ52: 4 | DA52: 4 | DB52: 4 | DC52: 4 | DD52: 4 | DE52: 4 | DF52: 4 | DG52: 4 | DH52: 4 | DI52: 4 | DJ52: 4 | DK52: 4 | DL52: 4 | DM52: 4 | DN52: 4 | DO52: 4 | DP52: 4 | DQ52: 4 | DR52: 4 | DS52: 4 | DT52: 4 | DU52: Martins et al. 2007
A53: GRO 95577b | B53: Meteorite | C53: CR | E53: 1 | F53: 4 | G53: 1 | H53: 1 | I53: 4 | J53: 1 | K53: 4 | L53: 3 | M53: 3 | N53: 4 | O53: 4 | P53: 4 | Q53: 4 | R53: 4 | S53: 3 | T53: 3 | U53: 4 | V53: 4 | W53: 4 | X53: 4 | Y53: 4 | Z53: 4 | AA53: 4 | AB53: 4 | AC53: 4 | AD53: 4 | AE53: 4 | AF53: 1 | AG53: 1 | AH53: 1 | AI53: 4 | AJ53: 1 | AK53: 1 | AL53: 4 | AM53: 4 | AN53: 4 | AO53: 4 | AP53: 4 | AQ53: 4 | AR53: 4 | AS53: 4 | AT53: 4 | AU53: 4 | AV53: 4 | AW53: 4 | AX53: 4 | AY53: 4 | AZ53: 4 | BA53: 4 | BB53: 4 | BC53: 1 | BD53: 1 | BE53: 4 | BF53: 1 | BG53: 1 | BH53: 4 | BI53: 1 | BJ53: 1 | BK53: 4 | BL53: 4 | BM53: 4 | BN53: 1 | BO53: 3 | BP53: 1 | BQ53: 4 | BR53: 4 | BS53: 1 | BT53: 1 | BU53: 1 | BV53: 1 | BW53: 3 | BX53: 3 | BY53: 4 | BZ53: 4 | CA53: 4 | CB53: 4 | CC53: 4 | CD53: 4 | CE53: 4 | CF53: 4 | CG53: 4 | CH53: 4 | CI53: 4 | CJ53: 4 | CK53: 4 | CL53: 4 | CM53: 4 | CN53: 4 | CO53: 4 | CP53: 4 | CQ53: 4 | CR53: 4 | CS53: 4 | CT53: 1 | CU53: 4 | CV53: 4 | CW53: 4 | CX53: 4 | CY53: 4 | CZ53: 4 | DA53: 4 | DB53: 4 | DC53: 4 | DD53: 4 | DE53: 4 | DF53: 4 | DG53: 4 | DH53: 4 | DI53: 4 | DJ53: 4 | DK53: 4 | DL53: 4 | DM53: 4 | DN53: 4 | DO53: 4 | DP53: 4 | DQ53: 4 | DR53: 4 | DS53: 4 | DT53: 4 | DU53: Glavin et al. 2010
A54: MIL 09001 | B54: Meteorite | C54: CR | E54: 1 | F54: 4 | G54: 1 | H54: 1 | I54: 4 | J54: 1 | K54: 4 | L54: 1 | M54: 1 | N54: 4 | O54: 4 | P54: 4 | Q54: 4 | R54: 4 | S54: 1 | T54: 1 | U54: 4 | V54: 4 | W54: 3 | X54: 3 | Y54: 4 | Z54: 4 | AA54: 4 | AB54: 4 | AC54: 4 | AD54: 4 | AE54: 4 | AF54: 1 | AG54: 1 | AH54: 1 | AI54: 4 | AJ54: 1 | AK54: 1 | AL54: 4 | AM54: 4 | AN54: 1 | AO54: 4 | AP54: 4 | AQ54: 4 | AR54: 4 | AS54: 4 | AT54: 4 | AU54: 4 | AV54: 4 | AW54: 4 | AX54: 4 | AY54: 4 | AZ54: 4 | BA54: 4 | BB54: 4 | BC54: 1 | BD54: 1 | BE54: 4 | BF54: 1 | BG54: 1 | BH54: 4 | BI54: 4 | BJ54: 4 | BK54: 1 | BL54: 4 | BM54: 4 | BN54: 1 | BO54: 3 | BP54: 1 | BQ54: 4 | BR54: 4 | BS54: 1 | BT54: 1 | BU54: 1 | BV54: 1 | BW54: 1 | BX54: 1 | BY54: 4 | BZ54: 4 | CA54: 4 | CB54: 4 | CC54: 4 | CD54: 4 | CE54: 4 | CF54: 4 | CG54: 4 | CH54: 4 | CI54: 4 | CJ54: 4 | CK54: 4 | CL54: 4 | CM54: 4 | CN54: 4 | CO54: 4 | CP54: 4 | CQ54: 4 | CR54: 4 | CS54: 4 | CT54: 1 | CU54: 4 | CV54: 4 | CW54: 4 | CX54: 4 | CY54: 4 | CZ54: 4 | DA54: 4 | DB54: 4 | DC54: 4 | DD54: 4 | DE54: 4 | DF54: 4 | DG54: 4 | DH54: 4 | DI54: 4 | DJ54: 4 | DK54: 4 | DL54: 4 | DM54: 4 | DN54: 4 | DO54: 4 | DP54: 4 | DQ54: 4 | DR54: 4 | DS54: 4 | DT54: 4 | DU54: Aponte et al. 2020
A55: MIL 090657 | B55: Meteorite | C55: CR | E55: 1 | F55: 4 | G55: 1 | H55: 1 | I55: 4 | J55: 1 | K55: 4 | L55: 1 | M55: 1 | N55: 4 | O55: 4 | P55: 4 | Q55: 4 | R55: 4 | S55: 1 | T55: 1 | U55: 4 | V55: 4 | W55: 1 | X55: 1 | Y55: 4 | Z55: 4 | AA55: 4 | AB55: 4 | AC55: 4 | AD55: 4 | AE55: 4 | AF55: 1 | AG55: 1 | AH55: 1 | AI55: 4 | AJ55: 1 | AK55: 1 | AL55: 4 | AM55: 4 | AN55: 1 | AO55: 4 | AP55: 4 | AQ55: 4 | AR55: 4 | AS55: 4 | AT55: 4 | AU55: 4 | AV55: 4 | AW55: 4 | AX55: 4 | AY55: 4 | AZ55: 4 | BA55: 4 | BB55: 4 | BC55: 1 | BD55: 1 | BE55: 4 | BF55: 1 | BG55: 3 | BH55: 4 | BI55: 4 | BJ55: 4 | BK55: 1 | BL55: 4 | BM55: 4 | BN55: 1 | BO55: 3 | BP55: 1 | BQ55: 4 | BR55: 4 | BS55: 1 | BT55: 1 | BU55: 1 | BV55: 1 | BW55: 1 | BX55: 1 | BY55: 4 | BZ55: 4 | CA55: 4 | CB55: 4 | CC55: 4 | CD55: 4 | CE55: 4 | CF55: 4 | CG55: 4 | CH55: 4 | CI55: 4 | CJ55: 4 | CK55: 4 | CL55: 4 | CM55: 4 | CN55: 4 | CO55: 4 | CP55: 4 | CQ55: 4 | CR55: 4 | CS55: 4 | CT55: 3 | CU55: 4 | CV55: 4 | CW55: 4 | CX55: 4 | CY55: 4 | CZ55: 4 | DA55: 4 | DB55: 4 | DC55: 4 | DD55: 4 | DE55: 4 | DF55: 4 | DG55: 4 | DH55: 4 | DI55: 4 | DJ55: 4 | DK55: 4 | DL55: 4 | DM55: 4 | DN55: 4 | DO55: 4 | DP55: 4 | DQ55: 4 | DR55: 4 | DS55: 4 | DT55: 4
A56: GRA 95229 | B56: Meteorite | C56: CR | E56: 1 | F56: 4 | G56: 1 | H56: 1 | I56: 4 | J56: 1 | K56: 4 | L56: 4 | M56: 4 | N56: 1 | O56: 4 | P56: 4 | Q56: 4 | R56: 4 | S56: 1 | T56: 1 | U56: 4 | V56: 4 | W56: 4 | X56: 4 | Y56: 4 | Z56: 4 | AA56: 4 | AB56: 4 | AC56: 4 | AD56: 4 | AE56: 4 | AF56: 4 | AG56: 4 | AH56: 4 | AI56: 1 | AJ56: 1 | AK56: 1 | AL56: 4 | AM56: 4 | AN56: 1 | AO56: 4 | AP56: 4 | AQ56: 4 | AR56: 4 | AS56: 4 | AT56: 4 | AU56: 4 | AV56: 4 | AW56: 4 | AX56: 4 | AY56: 4 | AZ56: 4 | BA56: 4 | BB56: 4 | BC56: 1 | BD56: 1 | BE56: 4 | BF56: 4 | BG56: 4 | BH56: 3 | BI56: 4 | BJ56: 4 | BK56: 4 | BL56: 4 | BM56: 4 | BN56: 4 | BO56: 4 | BP56: 4 | BQ56: 4 | BR56: 4 | BS56: 4 | BT56: 4 | BU56: 4 | BV56: 4 | BW56: 1 | BX56: 1 | BY56: 4 | BZ56: 4 | CA56: 4 | CB56: 4 | CC56: 4 | CD56: 4 | CE56: 4 | CF56: 4 | CG56: 4 | CH56: 4 | CI56: 4 | CJ56: 4 | CK56: 4 | CL56: 4 | CM56: 4 | CN56: 4 | CO56: 4 | CP56: 4 | CQ56: 4 | CR56: 4 | CS56: 4 | CT56: 4 | CU56: 4 | CV56: 4 | CW56: 4 | CX56: 4 | CY56: 4 | CZ56: 4 | DA56: 4 | DB56: 4 | DC56: 4 | DD56: 4 | DE56: 4 | DF56: 4 | DG56: 4 | DH56: 4 | DI56: 4 | DJ56: 4 | DK56: 4 | DL56: 4 | DM56: 4 | DN56: 4 | DO56: 4 | DP56: 4 | DQ56: 4 | DR56: 4 | DS56: 4 | DT56: 4
A57: EET 92042a | B57: Meteorite | C57: CR | E57: 1 | F57: 4 | G57: 1 | H57: 1 | I57: 4 | J57: 1 | K57: 4 | L57: 4 | M57: 4 | N57: 4 | O57: 4 | P57: 4 | Q57: 4 | R57: 4 | S57: 1 | T57: 1 | U57: 4 | V57: 4 | W57: 4 | X57: 4 | Y57: 4 | Z57: 4 | AA57: 4 | AB57: 4 | AC57: 4 | AD57: 4 | AE57: 4 | AF57: 4 | AG57: 4 | AH57: 4 | AI57: 1 | AJ57: 1 | AK57: 1 | AL57: 4 | AM57: 4 | AN57: 1 | AO57: 4 | AP57: 4 | AQ57: 4 | AR57: 4 | AS57: 4 | AT57: 4 | AU57: 4 | AV57: 4 | AW57: 4 | AX57: 4 | AY57: 4 | AZ57: 4 | BA57: 4 | BB57: 4 | BC57: 1 | BD57: 1 | BE57: 4 | BF57: 4 | BG57: 4 | BH57: 3 | BI57: 4 | BJ57: 4 | BK57: 4 | BL57: 4 | BM57: 4 | BN57: 4 | BO57: 4 | BP57: 4 | BQ57: 4 | BR57: 4 | BS57: 4 | BT57: 4 | BU57: 4 | BV57: 4 | BW57: 4 | BX57: 4 | BY57: 4 | BZ57: 4 | CA57: 4 | CB57: 4 | CC57: 4 | CD57: 4 | CE57: 4 | CF57: 4 | CG57: 4 | CH57: 4 | CI57: 4 | CJ57: 4 | CK57: 4 | CL57: 4 | CM57: 4 | CN57: 4 | CO57: 4 | CP57: 4 | CQ57: 4 | CR57: 4 | CS57: 4 | CT57: 4 | CU57: 4 | CV57: 4 | CW57: 4 | CX57: 4 | CY57: 4 | CZ57: 4 | DA57: 4 | DB57: 4 | DC57: 4 | DD57: 4 | DE57: 4 | DF57: 4 | DG57: 4 | DH57: 4 | DI57: 4 | DJ57: 4 | DK57: 4 | DL57: 4 | DM57: 4 | DN57: 4 | DO57: 4 | DP57: 4 | DQ57: 4 | DR57: 4 | DS57: 4 | DT57: 4
A58: EET 92042b | B58: Meteorite | C58: CR | E58: 1 | F58: 4 | G58: 1 | H58: 1 | I58: 4 | J58: 1 | K58: 4 | L58: 1 | M58: 1 | N58: 4 | O58: 4 | P58: 4 | Q58: 4 | R58: 4 | S58: 1 | T58: 1 | U58: 4 | V58: 4 | W58: 4 | X58: 4 | Y58: 4 | Z58: 4 | AA58: 4 | AB58: 4 | AC58: 4 | AD58: 4 | AE58: 4 | AF58: 1 | AG58: 1 | AH58: 1 | AI58: 4 | AJ58: 1 | AK58: 1 | AL58: 4 | AM58: 4 | AN58: 4 | AO58: 4 | AP58: 4 | AQ58: 4 | AR58: 4 | AS58: 4 | AT58: 4 | AU58: 4 | AV58: 4 | AW58: 4 | AX58: 4 | AY58: 4 | AZ58: 4 | BA58: 4 | BB58: 4 | BC58: 1 | BD58: 1 | BE58: 4 | BF58: 1 | BG58: 1 | BH58: 4 | BI58: 1 | BJ58: 1 | BK58: 4 | BL58: 4 | BM58: 4 | BN58: 1 | BO58: 3 | BP58: 1 | BQ58: 4 | BR58: 4 | BS58: 1 | BT58: 1 | BU58: 1 | BV58: 1 | BW58: 1 | BX58: 1 | BY58: 4 | BZ58: 4 | CA58: 4 | CB58: 4 | CC58: 4 | CD58: 4 | CE58: 4 | CF58: 4 | CG58: 4 | CH58: 4 | CI58: 4 | CJ58: 4 | CK58: 4 | CL58: 4 | CM58: 4 | CN58: 4 | CO58: 4 | CP58: 4 | CQ58: 4 | CR58: 4 | CS58: 4 | CT58: 1 | CU58: 4 | CV58: 4 | CW58: 4 | CX58: 4 | CY58: 4 | CZ58: 4 | DA58: 4 | DB58: 4 | DC58: 4 | DD58: 4 | DE58: 4 | DF58: 4 | DG58: 4 | DH58: 4 | DI58: 4 | DJ58: 4 | DK58: 4 | DL58: 4 | DM58: 4 | DN58: 4 | DO58: 4 | DP58: 4 | DQ58: 4 | DR58: 4 | DS58: 4 | DT58: 4
A59: QUE 99177 | B59: Meteorite | C59: CR | E59: 1 | F59: 4 | G59: 1 | H59: 1 | I59: 4 | J59: 1 | K59: 4 | L59: 1 | M59: 1 | N59: 4 | O59: 4 | P59: 4 | Q59: 4 | R59: 4 | S59: 1 | T59: 1 | U59: 4 | V59: 4 | W59: 4 | X59: 4 | Y59: 4 | Z59: 4 | AA59: 4 | AB59: 4 | AC59: 4 | AD59: 4 | AE59: 4 | AF59: 1 | AG59: 1 | AH59: 1 | AI59: 4 | AJ59: 1 | AK59: 1 | AL59: 4 | AM59: 4 | AN59: 4 | AO59: 4 | AP59: 4 | AQ59: 4 | AR59: 4 | AS59: 4 | AT59: 4 | AU59: 4 | AV59: 4 | AW59: 4 | AX59: 4 | AY59: 4 | AZ59: 4 | BA59: 4 | BB59: 4 | BC59: 1 | BD59: 1 | BE59: 4 | BF59: 1 | BG59: 1 | BH59: 4 | BI59: 1 | BJ59: 1 | BK59: 4 | BL59: 4 | BM59: 4 | BN59: 1 | BO59: 3 | BP59: 1 | BQ59: 4 | BR59: 4 | BS59: 1 | BT59: 1 | BU59: 1 | BV59: 1 | BW59: 1 | BX59: 1 | BY59: 4 | BZ59: 4 | CA59: 4 | CB59: 4 | CC59: 4 | CD59: 4 | CE59: 4 | CF59: 4 | CG59: 4 | CH59: 4 | CI59: 4 | CJ59: 4 | CK59: 4 | CL59: 4 | CM59: 4 | CN59: 4 | CO59: 4 | CP59: 4 | CQ59: 4 | CR59: 4 | CS59: 4 | CT59: 1 | CU59: 4 | CV59: 4 | CW59: 4 | CX59: 4 | CY59: 4 | CZ59: 4 | DA59: 4 | DB59: 4 | DC59: 4 | DD59: 4 | DE59: 4 | DF59: 4 | DG59: 4 | DH59: 4 | DI59: 4 | DJ59: 4 | DK59: 4 | DL59: 4 | DM59: 4 | DN59: 4 | DO59: 4 | DP59: 4 | DQ59: 4 | DR59: 4 | DS59: 4 | DT59: 4
A60: MET 01070 | B60: Meteorite | C60: CM | E60: 1 | F60: 4 | G60: 1 | H60: 1 | I60: 4 | J60: 1 | K60: 4 | L60: 3 | M60: 3 | N60: 4 | O60: 4 | P60: 4 | Q60: 4 | R60: 4 | S60: 3 | T60: 3 | U60: 4 | V60: 4 | W60: 4 | X60: 4 | Y60: 4 | Z60: 4 | AA60: 4 | AB60: 4 | AC60: 4 | AD60: 4 | AE60: 4 | AF60: 1 | AG60: 1 | AH60: 1 | AI60: 4 | AJ60: 1 | AK60: 1 | AL60: 4 | AM60: 4 | AN60: 4 | AO60: 4 | AP60: 4 | AQ60: 4 | AR60: 4 | AS60: 4 | AT60: 4 | AU60: 4 | AV60: 4 | AW60: 4 | AX60: 4 | AY60: 4 | AZ60: 4 | BA60: 4 | BB60: 4 | BC60: 3 | BD60: 3 | BE60: 4 | BF60: 3 | BG60: 3 | BH60: 4 | BI60: 3 | BJ60: 3 | BK60: 4 | BL60: 4 | BM60: 4 | BN60: 1 | BO60: 3 | BP60: 1 | BQ60: 4 | BR60: 4 | BS60: 1 | BT60: 1 | BU60: 1 | BV60: 1 | BW60: 3 | BX60: 3 | BY60: 4 | BZ60: 4 | CA60: 4 | CB60: 4 | CC60: 4 | CD60: 4 | CE60: 4 | CF60: 4 | CG60: 4 | CH60: 4 | CI60: 4 | CJ60: 4 | CK60: 4 | CL60: 4 | CM60: 4 | CN60: 4 | CO60: 4 | CP60: 4 | CQ60: 4 | CR60: 4 | CS60: 4 | CT60: 1 | CU60: 4 | CV60: 4 | CW60: 4 | CX60: 4 | CY60: 4 | CZ60: 4 | DA60: 4 | DB60: 4 | DC60: 4 | DD60: 4 | DE60: 4 | DF60: 4 | DG60: 4 | DH60: 4 | DI60: 4 | DJ60: 4 | DK60: 4 | DL60: 4 | DM60: 4 | DN60: 4 | DO60: 4 | DP60: 4 | DQ60: 4 | DR60: 4 | DS60: 4 | DT60: 4
A61: SCO 06043 | B61: Meteorite | C61: CM | E61: 1 | F61: 4 | G61: 1 | H61: 1 | I61: 4 | J61: 1 | K61: 4 | L61: 3 | M61: 3 | N61: 4 | O61: 4 | P61: 4 | Q61: 4 | R61: 4 | S61: 3 | T61: 3 | U61: 4 | V61: 4 | W61: 4 | X61: 4 | Y61: 4 | Z61: 4 | AA61: 4 | AB61: 4 | AC61: 4 | AD61: 4 | AE61: 4 | AF61: 1 | AG61: 1 | AH61: 1 | AI61: 4 | AJ61: 1 | AK61: 1 | AL61: 4 | AM61: 4 | AN61: 4 | AO61: 4 | AP61: 4 | AQ61: 4 | AR61: 4 | AS61: 4 | AT61: 4 | AU61: 4 | AV61: 4 | AW61: 4 | AX61: 4 | AY61: 4 | AZ61: 4 | BA61: 4 | BB61: 4 | BC61: 1 | BD61: 3 | BE61: 4 | BF61: 1 | BG61: 1 | BH61: 4 | BI61: 1 | BJ61: 1 | BK61: 4 | BL61: 4 | BM61: 4 | BN61: 1 | BO61: 3 | BP61: 1 | BQ61: 4 | BR61: 4 | BS61: 1 | BT61: 1 | BU61: 1 | BV61: 1 | BW61: 3 | BX61: 3 | BY61: 4 | BZ61: 4 | CA61: 4 | CB61: 4 | CC61: 4 | CD61: 4 | CE61: 4 | CF61: 4 | CG61: 4 | CH61: 4 | CI61: 4 | CJ61: 4 | CK61: 4 | CL61: 4 | CM61: 4 | CN61: 4 | CO61: 4 | CP61: 4 | CQ61: 4 | CR61: 4 | CS61: 4 | CT61: 1 | CU61: 4 | CV61: 4 | CW61: 4 | CX61: 4 | CY61: 4 | CZ61: 4 | DA61: 4 | DB61: 4 | DC61: 4 | DD61: 4 | DE61: 4 | DF61: 4 | DG61: 4 | DH61: 4 | DI61: 4 | DJ61: 4 | DK61: 4 | DL61: 4 | DM61: 4 | DN61: 4 | DO61: 4 | DP61: 4 | DQ61: 4 | DR61: 4 | DS61: 4 | DT61: 4
A62: Murchison USNM 5453 | B62: Meteorite | C62: CM | E62: 1 | F62: 4 | G62: 1 | H62: 1 | I62: 4 | J62: 1 | K62: 4 | L62: 2 | M62: 2 | N62: 4 | O62: 4 | P62: 4 | Q62: 4 | R62: 4 | S62: 1 | T62: 1 | U62: 4 | V62: 4 | W62: 4 | X62: 4 | Y62: 4 | Z62: 4 | AA62: 4 | AB62: 4 | AC62: 4 | AD62: 4 | AE62: 4 | AF62: 1 | AG62: 1 | AH62: 1 | AI62: 4 | AJ62: 1 | AK62: 1 | AL62: 4 | AM62: 4 | AN62: 4 | AO62: 4 | AP62: 4 | AQ62: 4 | AR62: 4 | AS62: 4 | AT62: 4 | AU62: 4 | AV62: 4 | AW62: 4 | AX62: 4 | AY62: 4 | AZ62: 4 | BA62: 4 | BB62: 4 | BC62: 1 | BD62: 3 | BE62: 4 | BF62: 1 | BG62: 1 | BH62: 4 | BI62: 1 | BJ62: 1 | BK62: 4 | BL62: 4 | BM62: 4 | BN62: 1 | BO62: 3 | BP62: 1 | BQ62: 4 | BR62: 4 | BS62: 1 | BT62: 1 | BU62: 1 | BV62: 1 | BW62: 1 | BX62: 1 | BY62: 4 | BZ62: 4 | CA62: 4 | CB62: 4 | CC62: 4 | CD62: 4 | CE62: 4 | CF62: 4 | CG62: 4 | CH62: 4 | CI62: 4 | CJ62: 4 | CK62: 4 | CL62: 4 | CM62: 4 | CN62: 4 | CO62: 4 | CP62: 4 | CQ62: 4 | CR62: 4 | CS62: 4 | CT62: 1 | CU62: 4 | CV62: 4 | CW62: 4 | CX62: 4 | CY62: 4 | CZ62: 4 | DA62: 4 | DB62: 4 | DC62: 4 | DD62: 4 | DE62: 4 | DF62: 4 | DG62: 4 | DH62: 4 | DI62: 4 | DJ62: 4 | DK62: 4 | DL62: 4 | DM62: 4 | DN62: 4 | DO62: 4 | DP62: 4 | DQ62: 4 | DR62: 4 | DS62: 4 | DT62: 4
A63: Murchison CFM 1 | B63: Meteorite | C63: CM | E63: 1 | F63: 4 | G63: 1 | H63: 1 | I63: 4 | J63: 1 | K63: 4 | L63: 1 | M63: 1 | N63: 4 | O63: 4 | P63: 4 | Q63: 4 | R63: 4 | S63: 1 | T63: 3 | U63: 4 | V63: 4 | W63: 1 | X63: 1 | Y63: 4 | Z63: 4 | AA63: 4 | AB63: 4 | AC63: 4 | AD63: 4 | AE63: 4 | AF63: 2 | AG63: 1 | AH63: 1 | AI63: 4 | AJ63: 3 | AK63: 1 | AL63: 4 | AM63: 4 | AN63: 3 | AO63: 4 | AP63: 4 | AQ63: 4 | AR63: 4 | AS63: 4 | AT63: 4 | AU63: 4 | AV63: 4 | AW63: 4 | AX63: 4 | AY63: 4 | AZ63: 4 | BA63: 4 | BB63: 4 | BC63: 1 | BD63: 1 | BE63: 4 | BF63: 1 | BG63: 1 | BH63: 4 | BI63: 1 | BJ63: 1 | BK63: 4 | BL63: 4 | BM63: 4 | BN63: 1 | BO63: 1 | BP63: 1 | BQ63: 4 | BR63: 4 | BS63: 1 | BT63: 1 | BU63: 1 | BV63: 1 | BW63: 1 | BX63: 1 | BY63: 4 | BZ63: 4 | CA63: 4 | CB63: 4 | CC63: 4 | CD63: 4 | CE63: 4 | CF63: 4 | CG63: 4 | CH63: 4 | CI63: 4 | CJ63: 4 | CK63: 4 | CL63: 4 | CM63: 4 | CN63: 4 | CO63: 4 | CP63: 4 | CQ63: 4 | CR63: 4 | CS63: 4 | CT63: 1 | CU63: 4 | CV63: 4 | CW63: 2 | CX63: 4 | CY63: 4 | CZ63: 2 | DA63: 4 | DB63: 4 | DC63: 4 | DD63: 4 | DE63: 4 | DF63: 4 | DG63: 4 | DH63: 4 | DI63: 4 | DJ63: 4 | DK63: 4 | DL63: 4 | DM63: 4 | DN63: 4 | DO63: 4 | DP63: 4 | DQ63: 4 | DR63: 4 | DS63: 4 | DT63: 4
A64: Murchison CFM 2 | B64: Meteorite | C64: CM | E64: 1 | F64: 4 | G64: 1 | H64: 1 | I64: 4 | J64: 1 | K64: 4 | L64: 1 | M64: 1 | N64: 4 | O64: 4 | P64: 4 | Q64: 4 | R64: 4 | S64: 1 | T64: 1 | U64: 4 | V64: 4 | W64: 1 | X64: 1 | Y64: 4 | Z64: 4 | AA64: 4 | AB64: 4 | AC64: 4 | AD64: 4 | AE64: 4 | AF64: 1 | AG64: 1 | AH64: 1 | AI64: 4 | AJ64: 2 | AK64: 1 | AL64: 4 | AM64: 4 | AN64: 3 | AO64: 4 | AP64: 4 | AQ64: 4 | AR64: 4 | AS64: 4 | AT64: 4 | AU64: 4 | AV64: 4 | AW64: 4 | AX64: 4 | AY64: 4 | AZ64: 4 | BA64: 4 | BB64: 4 | BC64: 1 | BD64: 1 | BE64: 4 | BF64: 1 | BG64: 1 | BH64: 4 | BI64: 1 | BJ64: 1 | BK64: 4 | BL64: 4 | BM64: 4 | BN64: 1 | BO64: 1 | BP64: 1 | BQ64: 4 | BR64: 4 | BS64: 1 | BT64: 1 | BU64: 1 | BV64: 1 | BW64: 1 | BX64: 1 | BY64: 4 | BZ64: 4 | CA64: 4 | CB64: 4 | CC64: 4 | CD64: 4 | CE64: 4 | CF64: 4 | CG64: 4 | CH64: 4 | CI64: 4 | CJ64: 4 | CK64: 4 | CL64: 4 | CM64: 4 | CN64: 4 | CO64: 4 | CP64: 4 | CQ64: 4 | CR64: 4 | CS64: 4 | CT64: 1 | CU64: 4 | CV64: 4 | CW64: 4 | CX64: 4 | CY64: 4 | CZ64: 4 | DA64: 4 | DB64: 4 | DC64: 4 | DD64: 4 | DE64: 4 | DF64: 4 | DG64: 4 | DH64: 4 | DI64: 4 | DJ64: 4 | DK64: 4 | DL64: 4 | DM64: 4 | DN64: 4 | DO64: 4 | DP64: 4 | DQ64: 4 | DR64: 4 | DS64: 4 | DT64: 4
A65: Murchison 5453 | B65: Meteorite | C65: CM | E65: 1 | F65: 4 | G65: 1 | H65: 1 | I65: 4 | J65: 1 | K65: 4 | L65: 1 | M65: 1 | N65: 4 | O65: 4 | P65: 4 | Q65: 4 | R65: 4 | S65: 1 | T65: 1 | U65: 4 | V65: 4 | W65: 4 | X65: 4 | Y65: 4 | Z65: 4 | AA65: 4 | AB65: 4 | AC65: 4 | AD65: 4 | AE65: 4 | AF65: 1 | AG65: 1 | AH65: 1 | AI65: 4 | AJ65: 1 | AK65: 1 | AL65: 4 | AM65: 4 | AN65: 4 | AO65: 4 | AP65: 4 | AQ65: 4 | AR65: 4 | AS65: 4 | AT65: 4 | AU65: 4 | AV65: 4 | AW65: 4 | AX65: 4 | AY65: 4 | AZ65: 4 | BA65: 4 | BB65: 4 | BC65: 2 | BD65: 1 | BE65: 4 | BF65: 1 | BG65: 1 | BH65: 4 | BI65: 4 | BJ65: 4 | BK65: 4 | BL65: 4 | BM65: 4 | BN65: 4 | BO65: 4 | BP65: 4 | BQ65: 4 | BR65: 4 | BS65: 4 | BT65: 4 | BU65: 4 | BV65: 4 | BW65: 1 | BX65: 1 | BY65: 4 | BZ65: 4 | CA65: 4 | CB65: 4 | CC65: 4 | CD65: 4 | CE65: 4 | CF65: 4 | CG65: 4 | CH65: 4 | CI65: 4 | CJ65: 4 | CK65: 4 | CL65: 4 | CM65: 4 | CN65: 4 | CO65: 4 | CP65: 4 | CQ65: 4 | CR65: 4 | CS65: 4 | CT65: 1 | CU65: 4 | CV65: 4 | CW65: 4 | CX65: 4 | CY65: 4 | CZ65: 4 | DA65: 4 | DB65: 4 | DC65: 4 | DD65: 4 | DE65: 4 | DF65: 4 | DG65: 4 | DH65: 4 | DI65: 4 | DJ65: 4 | DK65: 4 | DL65: 4 | DM65: 4 | DN65: 4 | DO65: 4 | DP65: 4 | DQ65: 4 | DR65: 4 | DS65: 4 | DT65: 4
A66: Murchison | B66: Meteorite | C66: CM | E66: 1 | F66: 4 | G66: 1 | H66: 1 | I66: 4 | J66: 1 | K66: 1 | L66: 1 | M66: 1 | N66: 4 | O66: 4 | P66: 4 | Q66: 4 | R66: 4 | S66: 1 | T66: 1 | U66: 4 | V66: 4 | W66: 3 | X66: 1 | Y66: 4 | Z66: 1 | AA66: 3 | AB66: 3 | AC66: 4 | AD66: 1 | AE66: 1 | AF66: 4 | AG66: 1 | AH66: 1 | AI66: 4 | AJ66: 1 | AK66: 1 | AL66: 1 | AM66: 1 | AN66: 4 | AO66: 4 | AP66: 1 | AQ66: 1 | AR66: =12/AP27 -> 3 | AS66: 1 | AT66: 1 | AU66: 1 | AV66: 4 | AW66: =12/AT27 -> 3 | AX66: 1 | AY66: 4 | AZ66: 4 | BA66: 4 | BB66: 4 | BC66: 1 | BD66: 1 | BE66: 4 | BF66: 4 | BG66: 4 | BH66: 1 | BI66: 1 | BJ66: 1 | BK66: 4 | BL66: 4 | BM66: 4 | BN66: 4 | BO66: 4 | BP66: 4 | BQ66: 4 | BR66: 4 | BS66: 4 | BT66: 4 | BU66: 4 | BV66: 4 | BW66: 1 | BX66: 1 | BY66: 4 | BZ66: 4 | CA66: 4 | CB66: 4 | CC66: 4 | CD66: 4 | CE66: 4 | CF66: 4 | CG66: 4 | CH66: 4 | CI66: 4 | CJ66: 4 | CK66: 4 | CL66: 1 | CM66: 1 | CN66: 4 | CO66: 1 | CP66: 1 | CQ66: 4 | CR66: 4 | CS66: 4 | CT66: 4 | CU66: 1 | CV66: 1 | CW66: 4 | CX66: 1 | CY66: 1 | CZ66: 4 | DA66: 4 | DB66: 4 | DC66: 4 | DD66: 4 | DE66: 4 | DF66: 4 | DG66: 4 | DH66: 4 | DI66: 4 | DJ66: 4 | DK66: 4 | DL66: 4 | DM66: 4 | DN66: 4 | DO66: 4 | DP66: 4 | DQ66: 4 | DR66: 4 | DS66: 4 | DT66: 4
A67: Murchison USNM 6650 | B67: Meteorite | C67: CM | E67: 1 | F67: 4 | G67: 1 | H67: 1 | I67: 4 | J67: 1 | K67: 4 | L67: 1 | M67: 1 | N67: 4 | O67: 4 | P67: 4 | Q67: 4 | R67: 4 | S67: 1 | T67: 1 | U67: 4 | V67: 4 | W67: 4 | X67: 4 | Y67: 4 | Z67: 4 | AA67: 4 | AB67: 4 | AC67: 4 | AD67: 4 | AE67: 4 | AF67: 1 | AG67: 1 | AH67: 1 | AI67: 4 | AJ67: 1 | AK67: 1 | AL67: 4 | AM67: 4 | AN67: 4 | AO67: 4 | AP67: 4 | AQ67: 4 | AR67: 4 | AS67: 4 | AT67: 4 | AU67: 4 | AV67: 4 | AW67: 4 | AX67: 4 | AY67: 4 | AZ67: 4 | BA67: 4 | BB67: 4 | BC67: 1 | BD67: 1 | BE67: 4 | BF67: 1 | BG67: 1 | BH67: 4 | BI67: 1 | BJ67: 1 | BK67: 4 | BL67: 4 | BM67: 4 | BN67: 1 | BO67: 3 | BP67: 1 | BQ67: 4 | BR67: 4 | BS67: 1 | BT67: 1 | BU67: 1 | BV67: 1 | BW67: 1 | BX67: 1 | BY67: 4 | BZ67: 4 | CA67: 4 | CB67: 4 | CC67: 4 | CD67: 4 | CE67: 4 | CF67: 4 | CG67: 4 | CH67: 4 | CI67: 4 | CJ67: 4 | CK67: 4 | CL67: 4 | CM67: 4 | CN67: 4 | CO67: 4 | CP67: 4 | CQ67: 4 | CR67: 4 | CS67: 4 | CT67: 1 | CU67: 4 | CV67: 4 | CW67: 4 | CX67: 4 | CY67: 4 | CZ67: 4 | DA67: 4 | DB67: 4 | DC67: 4 | DD67: 4 | DE67: 4 | DF67: 4 | DG67: 4 | DH67: 4 | DI67: 4 | DJ67: 4 | DK67: 4 | DL67: 4 | DM67: 4 | DN67: 4 | DO67: 4 | DP67: 4 | DQ67: 4 | DR67: 4 | DS67: 4 | DT67: 4
A68: LEW 90500 | B68: Meteorite | C68: CM | E68: 1 | F68: 4 | G68: 1 | H68: 1 | I68: 4 | J68: 1 | K68: 4 | L68: 1 | M68: 1 | N68: 4 | O68: 4 | P68: 4 | Q68: 4 | R68: 4 | S68: 1 | T68: 1 | U68: 4 | V68: 4 | W68: 4 | X68: 4 | Y68: 4 | Z68: 4 | AA68: 4 | AB68: 4 | AC68: 4 | AD68: 4 | AE68: 4 | AF68: 1 | AG68: 1 | AH68: 1 | AI68: 4 | AJ68: 1 | AK68: 1 | AL68: 4 | AM68: 4 | AN68: 4 | AO68: 4 | AP68: 4 | AQ68: 4 | AR68: 4 | AS68: 4 | AT68: 4 | AU68: 4 | AV68: 4 | AW68: 4 | AX68: 4 | AY68: 4 | AZ68: 4 | BA68: 4 | BB68: 4 | BC68: 1 | BD68: 1 | BE68: 4 | BF68: 1 | BG68: 1 | BH68: 4 | BI68: 1 | BJ68: 1 | BK68: 4 | BL68: 4 | BM68: 4 | BN68: 1 | BO68: 3 | BP68: 1 | BQ68: 4 | BR68: 4 | BS68: 1 | BT68: 1 | BU68: 1 | BV68: 1 | BW68: 1 | BX68: 1 | BY68: 4 | BZ68: 4 | CA68: 4 | CB68: 4 | CC68: 4 | CD68: 4 | CE68: 4 | CF68: 4 | CG68: 4 | CH68: 4 | CI68: 4 | CJ68: 4 | CK68: 4 | CL68: 4 | CM68: 4 | CN68: 4 | CO68: 4 | CP68: 4 | CQ68: 4 | CR68: 4 | CS68: 4 | CT68: 1 | CU68: 4 | CV68: 4 | CW68: 4 | CX68: 4 | CY68: 4 | CZ68: 4 | DA68: 4 | DB68: 4 | DC68: 4 | DD68: 4 | DE68: 4 | DF68: 4 | DG68: 4 | DH68: 4 | DI68: 4 | DJ68: 4 | DK68: 4 | DL68: 4 | DM68: 4 | DN68: 4 | DO68: 4 | DP68: 4 | DQ68: 4 | DR68: 4 | DS68: 4 | DT68: 4
A69: LON 94102 | B69: Meteorite | C69: CM | E69: 1 | F69: 4 | G69: 1 | H69: 1 | I69: 4 | J69: 1 | K69: 4 | L69: 1 | M69: 1 | N69: 4 | O69: 4 | P69: 4 | Q69: 4 | R69: 4 | S69: 1 | T69: 1 | U69: 4 | V69: 4 | W69: 4 | X69: 4 | Y69: 4 | Z69: 4 | AA69: 4 | AB69: 4 | AC69: 4 | AD69: 4 | AE69: 4 | AF69: 1 | AG69: 1 | AH69: 1 | AI69: 4 | AJ69: 1 | AK69: 1 | AL69: 4 | AM69: 4 | AN69: 4 | AO69: 4 | AP69: 4 | AQ69: 4 | AR69: 4 | AS69: 4 | AT69: 4 | AU69: 4 | AV69: 4 | AW69: 4 | AX69: 4 | AY69: 4 | AZ69: 4 | BA69: 4 | BB69: 4 | BC69: 1 | BD69: 1 | BE69: 4 | BF69: 1 | BG69: 1 | BH69: 4 | BI69: 1 | BJ69: 1 | BK69: 4 | BL69: 4 | BM69: 4 | BN69: 1 | BO69: 3 | BP69: 1 | BQ69: 4 | BR69: 4 | BS69: 1 | BT69: 1 | BU69: 1 | BV69: 1 | BW69: 1 | BX69: 1 | BY69: 4 | BZ69: 4 | CA69: 4 | CB69: 4 | CC69: 4 | CD69: 4 | CE69: 4 | CF69: 4 | CG69: 4 | CH69: 4 | CI69: 4 | CJ69: 4 | CK69: 4 | CL69: 4 | CM69: 4 | CN69: 4 | CO69: 4 | CP69: 4 | CQ69: 4 | CR69: 4 | CS69: 4 | CT69: 1 | CU69: 4 | CV69: 4 | CW69: 4 | CX69: 4 | CY69: 4 | CZ69: 4 | DA69: 4 | DB69: 4 | DC69: 4 | DD69: 4 | DE69: 4 | DF69: 4 | DG69: 4 | DH69: 4 | DI69: 4 | DJ69: 4 | DK69: 4 | DL69: 4 | DM69: 4 | DN69: 4 | DO69: 4 | DP69: 4 | DQ69: 4 | DR69: 4 | DS69: 4 | DT69: 4
A70: Asuka 12236 | B70: Meteorite | C70: CM | E70: 1 | F70: 4 | G70: 1 | H70: 1 | I70: 4 | J70: 1 | K70: 4 | L70: 1 | M70: 1 | N70: 4 | O70: 4 | P70: 4 | Q70: 4 | R70: 4 | S70: 1 | T70: 1 | U70: 4 | V70: 4 | W70: 2 | X70: 2 | Y70: 4 | Z70: 4 | AA70: 4 | AB70: 4 | AC70: 4 | AD70: 4 | AE70: 4 | AF70: 1 | AG70: 1 | AH70: 1 | AI70: 4 | AJ70: 3 | AK70: 1 | AL70: 4 | AM70: 4 | AN70: 3 | AO70: 4 | AP70: 4 | AQ70: 4 | AR70: 4 | AS70: 4 | AT70: 4 | AU70: 4 | AV70: 4 | AW70: 4 | AX70: 4 | AY70: 4 | AZ70: 4 | BA70: 4 | BB70: 4 | BC70: 1 | BD70: 1 | BE70: 4 | BF70: 1 | BG70: 4 | BH70: 4 | BI70: 1 | BJ70: 1 | BK70: 4 | BL70: 4 | BM70: 4 | BN70: 1 | BO70: 1 | BP70: 1 | BQ70: 4 | BR70: 4 | BS70: 1 | BT70: 1 | BU70: 1 | BV70: 1 | BW70: 1 | BX70: 1 | BY70: 4 | BZ70: 4 | CA70: 4 | CB70: 4 | CC70: 4 | CD70: 4 | CE70: 4 | CF70: 4 | CG70: 4 | CH70: 4 | CI70: 4 | CJ70: 4 | CK70: 4 | CL70: 4 | CM70: 4 | CN70: 4 | CO70: 4 | CP70: 4 | CQ70: 4 | CR70: 4 | CS70: 4 | CT70: 2 | CU70: 4 | CV70: 4 | CW70: 2 | CX70: 4 | CY70: 4 | CZ70: 2 | DA70: 4 | DB70: 4 | DC70: 4 | DD70: 4 | DE70: 4 | DF70: 4 | DG70: 4 | DH70: 4 | DI70: 4 | DJ70: 4 | DK70: 4 | DL70: 4 | DM70: 4 | DN70: 4 | DO70: 4 | DP70: 4 | DQ70: 4 | DR70: 4 | DS70: 4 | DT70: 4
A71: EET 96029 | B71: Meteorite | C71: CM | E71: 1 | F71: 4 | G71: 3 | H71: 3 | I71: 4 | J71: 3 | K71: 4 | L71: 3 | M71: 3 | N71: 4 | O71: 4 | P71: 4 | Q71: 4 | R71: 4 | S71: 3 | T71: 3 | U71: 4 | V71: 4 | W71: 2 | X71: 2 | Y71: 4 | Z71: 4 | AA71: 4 | AB71: 4 | AC71: 4 | AD71: 4 | AE71: 4 | AF71: 3 | AG71: 3 | AH71: 3 | AI71: 4 | AJ71: 3 | AK71: 1 | AL71: 4 | AM71: 4 | AN71: 3 | AO71: 4 | AP71: 4 | AQ71: 4 | AR71: 4 | AS71: 4 | AT71: 4 | AU71: 4 | AV71: 4 | AW71: 4 | AX71: 4 | AY71: 4 | AZ71: 4 | BA71: 4 | BB71: 4 | BC71: 3 | BD71: 3 | BE71: 4 | BF71: 3 | BG71: 3 | BH71: 4 | BI71: 3 | BJ71: 3 | BK71: 4 | BL71: 4 | BM71: 4 | BN71: 2 | BO71: 2 | BP71: 2 | BQ71: 4 | BR71: 4 | BS71: 2 | BT71: 2 | BU71: 2 | BV71: 2 | BW71: 3 | BX71: 3 | BY71: 4 | BZ71: 4 | CA71: 4 | CB71: 4 | CC71: 4 | CD71: 4 | CE71: 4 | CF71: 4 | CG71: 4 | CH71: 4 | CI71: 4 | CJ71: 4 | CK71: 4 | CL71: 4 | CM71: 4 | CN71: 4 | CO71: 4 | CP71: 4 | CQ71: 4 | CR71: 4 | CS71: 4 | CT71: 1 | CU71: 4 | CV71: 4 | CW71: 2 | CX71: 4 | CY71: 4 | CZ71: 2 | DA71: 4 | DB71: 4 | DC71: 4 | DD71: 4 | DE71: 4 | DF71: 4 | DG71: 4 | DH71: 4 | DI71: 4 | DJ71: 4 | DK71: 4 | DL71: 4 | DM71: 4 | DN71: 4 | DO71: 4 | DP71: 4 | DQ71: 4 | DR71: 4 | DS71: 4 | DT71: 4
A72: Bells | B72: Meteorite | C72: CM | E72: 1 | F72: 4 | G72: 1 | H72: 1 | I72: 4 | J72: 1 | K72: 4 | L72: 4 | M72: 1 | N72: 4 | O72: 4 | P72: 4 | Q72: 4 | R72: 4 | S72: 4 | T72: 1 | U72: 4 | V72: 4 | W72: 4 | X72: 4 | Y72: 4 | Z72: 4 | AA72: 4 | AB72: 4 | AC72: 4 | AD72: 4 | AE72: 4 | AF72: 1 | AG72: 4 | AH72: 4 | AI72: 1 | AJ72: 1 | AK72: 1 | AL72: 4 | AM72: 4 | AN72: 1 | AO72: 4 | AP72: 4 | AQ72: 4 | AR72: 4 | AS72: 4 | AT72: 4 | AU72: 4 | AV72: 4 | AW72: 4 | AX72: 4 | AY72: 4 | AZ72: 4 | BA72: 4 | BB72: 4 | BC72: 4 | BD72: 4 | BE72: 1 | BF72: 4 | BG72: 4 | BH72: 1 | BI72: 4 | BJ72: 4 | BK72: 1 | BL72: 4 | BM72: 4 | BN72: 4 | BO72: 4 | BP72: 4 | BQ72: 4 | BR72: 4 | BS72: 4 | BT72: 4 | BU72: 4 | BV72: 1 | BW72: 2 | BX72: 1 | BY72: 4 | BZ72: 4 | CA72: 4 | CB72: 4 | CC72: 4 | CD72: 4 | CE72: 4 | CF72: 4 | CG72: 4 | CH72: 4 | CI72: 4 | CJ72: 4 | CK72: 4 | CL72: 4 | CM72: 4 | CN72: 4 | CO72: 4 | CP72: 4 | CQ72: 4 | CR72: 4 | CS72: 4 | CT72: 4 | CU72: 4 | CV72: 1 | CW72: 4 | CX72: 4 | CY72: 2 | CZ72: 4 | DA72: 4 | DB72: 4 | DC72: 4 | DD72: 4 | DE72: 4 | DF72: 4 | DG72: 4 | DH72: 4 | DI72: 4 | DJ72: 4 | DK72: 4 | DL72: 4 | DM72: 4 | DN72: 4 | DO72: 4 | DP72: 4 | DQ72: 4 | DR72: 4 | DS72: 4 | DT72: 4
A73: Shutter's Hill 2 | B73: Meteorite | C73: CM | E73: 1 | F73: 4 | G73: 1 | H73: 1 | I73: 4 | J73: 1 | K73: 4 | L73: 1 | M73: 1 | N73: 4 | O73: 4 | P73: 4 | Q73: 4 | R73: 4 | S73: 1 | T73: 1 | U73: 4 | V73: 4 | W73: 3 | X73: 3 | Y73: 4 | Z73: 4 | AA73: 4 | AB73: 4 | AC73: 4 | AD73: 4 | AE73: 4 | AF73: 3 | AG73: 3 | AH73: 3 | AI73: 4 | AJ73: 1 | AK73: 3 | AL73: 4 | AM73: 4 | AN73: 3 | AO73: 4 | AP73: 4 | AQ73: 4 | AR73: 4 | AS73: 4 | AT73: 4 | AU73: 4 | AV73: 4 | AW73: 4 | AX73: 4 | AY73: 4 | AZ73: 4 | BA73: 4 | BB73: 4 | BC73: 3 | BD73: 1 | BE73: 4 | BF73: 3 | BG73: 3 | BH73: 4 | BI73: 4 | BJ73: 4 | BK73: 4 | BL73: 4 | BM73: 4 | BN73: 4 | BO73: 4 | BP73: 3 | BQ73: 4 | BR73: 4 | BS73: 4 | BT73: 4 | BU73: 4 | BV73: 3 | BW73: 1 | BX73: 1 | BY73: 4 | BZ73: 4 | CA73: 4 | CB73: 4 | CC73: 4 | CD73: 4 | CE73: 4 | CF73: 4 | CG73: 4 | CH73: 4 | CI73: 4 | CJ73: 4 | CK73: 4 | CL73: 4 | CM73: 4 | CN73: 4 | CO73: 4 | CP73: 4 | CQ73: 4 | CR73: 4 | CS73: 4 | CT73: 1 | CU73: 4 | CV73: 4 | CW73: 4 | CX73: 4 | CY73: 4 | CZ73: 4 | DA73: 4 | DB73: 4 | DC73: 4 | DD73: 4 | DE73: 4 | DF73: 4 | DG73: 4 | DH73: 4 | DI73: 4 | DJ73: 4 | DK73: 4 | DL73: 4 | DM73: 4 | DN73: 4 | DO73: 4 | DP73: 4 | DQ73: 4 | DR73: 4 | DS73: 4 | DT73: 4
A74: Shutter's Hill 12 | B74: Meteorite | C74: CM | E74: 1 | F74: 4 | G74: 1 | H74: 1 | I74: 4 | J74: 1 | K74: 4 | L74: 1 | M74: 1 | N74: 4 | O74: 4 | P74: 4 | Q74: 4 | R74: 4 | S74: 1 | T74: 1 | U74: 4 | V74: 4 | W74: 3 | X74: 1 | Y74: 4 | Z74: 4 | AA74: 4 | AB74: 4 | AC74: 4 | AD74: 4 | AE74: 4 | AF74: 1 | AG74: 1 | AH74: 1 | AI74: 4 | AJ74: 1 | AK74: 3 | AL74: 4 | AM74: 4 | AN74: 3 | AO74: 4 | AP74: 4 | AQ74: 4 | AR74: 4 | AS74: 4 | AT74: 4 | AU74: 4 | AV74: 4 | AW74: 4 | AX74: 4 | AY74: 4 | AZ74: 4 | BA74: 4 | BB74: 4 | BC74: 1 | BD74: 1 | BE74: 4 | BF74: 3 | BG74: 3 | BH74: 4 | BI74: 4 | BJ74: 4 | BK74: 4 | BL74: 4 | BM74: 4 | BN74: 4 | BO74: 4 | BP74: 3 | BQ74: 4 | BR74: 4 | BS74: 4 | BT74: 4 | BU74: 4 | BV74: 1 | BW74: 1 | BX74: 1 | BY74: 4 | BZ74: 4 | CA74: 4 | CB74: 4 | CC74: 4 | CD74: 4 | CE74: 4 | CF74: 4 | CG74: 4 | CH74: 4 | CI74: 4 | CJ74: 4 | CK74: 4 | CL74: 4 | CM74: 4 | CN74: 4 | CO74: 4 | CP74: 4 | CQ74: 4 | CR74: 4 | CS74: 4 | CT74: 1 | CU74: 4 | CV74: 4 | CW74: 4 | CX74: 4 | CY74: 4 | CZ74: 4 | DA74: 4 | DB74: 4 | DC74: 4 | DD74: 4 | DE74: 4 | DF74: 4 | DG74: 4 | DH74: 4 | DI74: 4 | DJ74: 4 | DK74: 4 | DL74: 4 | DM74: 4 | DN74: 4 | DO74: 4 | DP74: 4 | DQ74: 4 | DR74: 4 | DS74: 4 | DT74: 4
A75: Shutter's Hill 51 | B75: Meteorite | C75: CM | E75: 1 | F75: 4 | G75: 1 | H75: 1 | I75: 4 | J75: 1 | K75: 4 | L75: 1 | M75: 1 | N75: 4 | O75: 4 | P75: 4 | Q75: 4 | R75: 4 | S75: 1 | T75: 1 | U75: 4 | V75: 4 | W75: 1 | X75: 1 | Y75: 4 | Z75: 4 | AA75: 4 | AB75: 4 | AC75: 4 | AD75: 4 | AE75: 4 | AF75: 1 | AG75: 1 | AH75: 1 | AI75: 4 | AJ75: 1 | AK75: 3 | AL75: 4 | AM75: 4 | AN75: 3 | AO75: 4 | AP75: 4 | AQ75: 4 | AR75: 4 | AS75: 4 | AT75: 4 | AU75: 4 | AV75: 4 | AW75: 4 | AX75: 4 | AY75: 4 | AZ75: 4 | BA75: 4 | BB75: 4 | BC75: 1 | BD75: 1 | BE75: 4 | BF75: 3 | BG75: 3 | BH75: 4 | BI75: 4 | BJ75: 4 | BK75: 4 | BL75: 4 | BM75: 4 | BN75: 4 | BO75: 4 | BP75: 3 | BQ75: 4 | BR75: 4 | BS75: 4 | BT75: 4 | BU75: 4 | BV75: 1 | BW75: 1 | BX75: 1 | BY75: 4 | BZ75: 4 | CA75: 4 | CB75: 4 | CC75: 4 | CD75: 4 | CE75: 4 | CF75: 4 | CG75: 4 | CH75: 4 | CI75: 4 | CJ75: 4 | CK75: 4 | CL75: 4 | CM75: 4 | CN75: 4 | CO75: 4 | CP75: 4 | CQ75: 4 | CR75: 4 | CS75: 4 | CT75: 1 | CU75: 4 | CV75: 4 | CW75: 4 | CX75: 4 | CY75: 4 | CZ75: 4 | DA75: 4 | DB75: 4 | DC75: 4 | DD75: 4 | DE75: 4 | DF75: 4 | DG75: 4 | DH75: 4 | DI75: 4 | DJ75: 4 | DK75: 4 | DL75: 4 | DM75: 4 | DN75: 4 | DO75: 4 | DP75: 4 | DQ75: 4 | DR75: 4 | DS75: 4 | DT75: 4
A76: Paris | B76: Meteorite | C76: CM | E76: 1 | F76: 4 | G76: 1 | H76: 1 | I76: 4 | J76: 1 | K76: 4 | L76: 4 | M76: 4 | N76: 4 | O76: 4 | P76: 4 | Q76: 4 | R76: 4 | S76: 1 | T76: 1 | U76: 4 | V76: 4 | W76: 4 | X76: 4 | Y76: 4 | Z76: 4 | AA76: 4 | AB76: 4 | AC76: 4 | AD76: 4 | AE76: 4 | AF76: 1 | AG76: 3 | AH76: 3 | AI76: 4 | AJ76: 1 | AK76: 3 | AL76: 4 | AM76: 4 | AN76: 3 | AO76: 4 | AP76: 4 | AQ76: 4 | AR76: 4 | AS76: 4 | AT76: 4 | AU76: 4 | AV76: 4 | AW76: 4 | AX76: 4 | AY76: 4 | AZ76: 4 | BA76: 4 | BB76: 4 | BC76: 1 | BD76: 1 | BE76: 4 | BF76: 1 | BG76: 1 | BH76: 4 | BI76: 1 | BJ76: 1 | BK76: 4 | BL76: 4 | BM76: 4 | BN76: 4 | BO76: 4 | BP76: 4 | BQ76: 4 | BR76: 4 | BS76: 4 | BT76: 4 | BU76: 4 | BV76: 4 | BW76: 1 | BX76: 1 | BY76: 4 | BZ76: 4 | CA76: 4 | CB76: 4 | CC76: 4 | CD76: 4 | CE76: 4 | CF76: 4 | CG76: 4 | CH76: 4 | CI76: 4 | CJ76: 4 | CK76: 4 | CL76: 4 | CM76: 4 | CN76: 4 | CO76: 4 | CP76: 4 | CQ76: 4 | CR76: 4 | CS76: 4 | CT76: 3 | CU76: 4 | CV76: 4 | CW76: 3 | CX76: 4 | CY76: 4 | CZ76: 4 | DA76: 4 | DB76: 4 | DC76: 4 | DD76: 4 | DE76: 4 | DF76: 4 | DG76: 4 | DH76: 4 | DI76: 4 | DJ76: 4 | DK76: 4 | DL76: 4 | DM76: 4 | DN76: 4 | DO76: 4 | DP76: 4 | DQ76: 4 | DR76: 4 | DS76: 4 | DT76: 4
A77: Aguas Zarcas UA 2741 | B77: Meteorite | C77: CM | E77: 1 | F77: 4 | G77: 1 | H77: 1 | I77: 4 | J77: 1 | K77: 4 | L77: 1 | M77: 1 | N77: 4 | O77: 4 | P77: 4 | Q77: 4 | R77: 4 | S77: 1 | T77: 1 | U77: 4 | V77: 4 | W77: 1 | X77: 1 | Y77: 4 | Z77: 4 | AA77: 4 | AB77: 4 | AC77: 4 | AD77: 4 | AE77: 4 | AF77: 1 | AG77: 1 | AH77: 1 | AI77: 4 | AJ77: 3 | AK77: 1 | AL77: 4 | AM77: 4 | AN77: 3 | AO77: 4 | AP77: 4 | AQ77: 4 | AR77: 4 | AS77: 4 | AT77: 4 | AU77: 4 | AV77: 4 | AW77: 4 | AX77: 4 | AY77: 4 | AZ77: 4 | BA77: 4 | BB77: 4 | BC77: 1 | BD77: 1 | BE77: 4 | BF77: 4 | BG77: 1 | BH77: 4 | BI77: 1 | BJ77: 1 | BK77: 4 | BL77: 4 | BM77: 4 | BN77: 1 | BO77: 1 | BP77: 1 | BQ77: 4 | BR77: 4 | BS77: 1 | BT77: 1 | BU77: 1 | BV77: 1 | BW77: 1 | BX77: 1 | BY77: 4 | BZ77: 4 | CA77: 4 | CB77: 4 | CC77: 4 | CD77: 4 | CE77: 4 | CF77: 4 | CG77: 4 | CH77: 4 | CI77: 4 | CJ77: 4 | CK77: 4 | CL77: 4 | CM77: 4 | CN77: 4 | CO77: 4 | CP77: 4 | CQ77: 4 | CR77: 4 | CS77: 4 | CT77: 4 | CU77: 4 | CV77: 4 | CW77: 4 | CX77: 4 | CY77: 4 | CZ77: 4 | DA77: 4 | DB77: 4 | DC77: 4 | DD77: 4 | DE77: 4 | DF77: 4 | DG77: 4 | DH77: 4 | DI77: 4 | DJ77: 4 | DK77: 4 | DL77: 4 | DM77: 4 | DN77: 4 | DO77: 4 | DP77: 4 | DQ77: 4 | DR77: 4 | DS77: 4 | DT77: 4
A78: Aguas Zarcas UA 2746 | B78: Meteorite | C78: CM | E78: 1 | F78: 4 | G78: 1 | H78: 1 | I78: 4 | J78: 1 | K78: 4 | L78: 1 | M78: 1 | N78: 4 | O78: 4 | P78: 4 | Q78: 4 | R78: 4 | S78: 1 | T78: 1 | U78: 4 | V78: 4 | W78: 1 | X78: 1 | Y78: 4 | Z78: 4 | AA78: 4 | AB78: 4 | AC78: 4 | AD78: 4 | AE78: 4 | AF78: 1 | AG78: 1 | AH78: 1 | AI78: 4 | AJ78: 3 | AK78: 1 | AL78: 4 | AM78: 4 | AN78: 3 | AO78: 4 | AP78: 4 | AQ78: 4 | AR78: 4 | AS78: 4 | AT78: 4 | AU78: 4 | AV78: 4 | AW78: 4 | AX78: 4 | AY78: 4 | AZ78: 4 | BA78: 4 | BB78: 4 | BC78: 1 | BD78: 1 | BE78: 4 | BF78: 1 | BG78: 1 | BH78: 4 | BI78: 1 | BJ78: 1 | BK78: 4 | BL78: 4 | BM78: 4 | BN78: 1 | BO78: 1 | BP78: 1 | BQ78: 4 | BR78: 4 | BS78: 1 | BT78: 1 | BU78: 1 | BV78: 1 | BW78: 1 | BX78: 1 | BY78: 4 | BZ78: 4 | CA78: 4 | CB78: 4 | CC78: 4 | CD78: 4 | CE78: 4 | CF78: 4 | CG78: 4 | CH78: 4 | CI78: 4 | CJ78: 4 | CK78: 4 | CL78: 4 | CM78: 4 | CN78: 4 | CO78: 4 | CP78: 4 | CQ78: 4 | CR78: 4 | CS78: 4 | CT78: 4 | CU78: 4 | CV78: 4 | CW78: 4 | CX78: 4 | CY78: 4 | CZ78: 4 | DA78: 4 | DB78: 4 | DC78: 4 | DD78: 4 | DE78: 4 | DF78: 4 | DG78: 4 | DH78: 4 | DI78: 4 | DJ78: 4 | DK78: 4 | DL78: 4 | DM78: 4 | DN78: 4 | DO78: 4 | DP78: 4 | DQ78: 4 | DR78: 4 | DS78: 4 | DT78: 4
... A92: LAR 06317 | B92: Meteorite | C92: CV | E92: 1 | F92: 4 | G92: 1 | H92: 1 | I92: 4 | J92: 1 | K92: 4 | L92: 1 | M92: 1 | N92: 4 | O92: 4 | P92: 4 | Q92: 4 | R92: 4 | S92: 3 | T92: 3 | U92: 4 | V92: 4 | W92: 4 | X92: 4 | Y92: 4 | Z92: 4 | AA92: 4 | AB92: 4 | AC92: 4 | AD92: 4 | AE92: 4 | AF92: 3 | AG92: 3 | AH92: 3 | AI92: 4 | AJ92: 1 | AK92: 1 | AL92: 4 | AM92: 4 | AN92: 3 | AO92: 4 | AP92: 4 | AQ92: 4 | AR92: 4 | AS92: 4 | AT92: 4 | AU92: 4 | AV92: 4 | AW92: 4 | AX92: 4 | AY92: 4 | AZ92: 4 | BA92: 4 | BB92: 4 | BC92: 3 | BD92: 1 | BE92: 4 | BF92: 3 | BG92: 3 | BH92: 4 | BI92: 3 | BJ92: 3 | BK92: 4 | BL92: 4 | BM92: 4 | BN92: 3 | BO92: 4 | BP92: 3 | BQ92: 4 | BR92: 4 | BS92: 3 | BT92: 3 | BU92: 3 | BV92: 1 | BW92: 1 | BX92: 1 | BY92: 4 | BZ92: 4 | CA92: 4 | CB92: 4 | CC92: 4 | CD92: 4 | CE92: 4 | CF92: 4 | CG92: 4 | CH92: 4 | CI92: 4 | CJ92: 4 | CK92: 4 | CL92: 4 | CM92: 4 | CN92: 4 | CO92: 4 | CP92: 4 | CQ92: 4 | CR92: 4 | CS92: 4 | CT92: 1 | CU92: 4 | CV92: 4 | CW92: 4 | CX92: 4 | CY92: 4 | CZ92: 4 | DA92: 4 | DB92: 4 | DC92: 4 | DD92: 4 | DE92: 4 | DF92: 4 | DG92: 4 | DH92: 4 | DI92: 4 | DJ92: 4 | DK92: 4 | DL92: 4 | DM92: 4 | DN92: 4 | DO92: 4 | DP92: 4 | DQ92: 4 | DR92: 4 | DS92: 4 | DT92: 4
A93: GRA 06101 | B93: Meteorite | C93: CV | E93: 1 | F93: 4 | G93: 1 | H93: 1 | I93: 4 | J93: 1 | K93: 4 | L93: 3 | M93: 1 | N93: 4 | O93: 4 | P93: 4 | Q93: 4 | R93: 4 | S93: 3 | T93: 1 | U93: 4 | V93: 4 | W93: 4 | X93: 4 | Y93: 4 | Z93: 4 | AA93: 4 | AB93: 4 | AC93: 4 | AD93: 4 | AE93: 4 | AF93: 1 | AG93: 1 | AH93: 1 | AI93: 4 | AJ93: 1 | AK93: 1 | AL93: 4 | AM93: 4 | AN93: 3 | AO93: 4 | AP93: 4 | AQ93: 4 | AR93: 4 | AS93: 4 | AT93: 4 | AU93: 4 | AV93: 4 | AW93: 4 | AX93: 4 | AY93: 4 | AZ93: 4 | BA93: 4 | BB93: 4 | BC93: 1 | BD93: 1 | BE93: 4 | BF93: 3 | BG93: 3 | BH93: 4 | BI93: 3 | BJ93: 3 | BK93: 4 | BL93: 4 | BM93: 4 | BN93: 3 | BO93: 4 | BP93: 3 | BQ93: 4 | BR93: 4 | BS93: 3 | BT93: 3 | BU93: 3 | BV93: 1 | BW93: 3 | BX93: =16/BS2 -> 4 | BY93: 4 | BZ93: 4 | CA93: 4 | CB93: 4 | CC93: 4 | CD93: 4 | CE93: 4 | CF93: 4 | CG93: 4 | CH93: 4 | CI93: 4 | CJ93: 4 | CK93: 4 | CL93: 4 | CM93: 4 | CN93: 4 | CO93: 4 | CP93: 4 | CQ93: 4 | CR93: 4 | CS93: 4 | CT93: 1 | CU93: 4 | CV93: 4 | CW93: 4 | CX93: 4 | CY93: 4 | CZ93: 4 | DA93: 4 | DB93: 4 | DC93: 4 | DD93: 4 | DE93: 4 | DF93: 4 | DG93: 4 | DH93: 4 | DI93: 4 | DJ93: 4 | DK93: 4 | DL93: 4 | DM93: 4 | DN93: 4 | DO93: 4 | DP93: 4 | DQ93: 4 | DR93: 4 | DS93: 4 | DT93: 4
A94: Allende | B94: Meteorite | C94: CV | E94: 1 | F94: 4 | G94: 1 | H94: 1 | I94: 4 | J94: 1 | K94: 4 | L94: 1 | M94: 1 | N94: 4 | O94: 4 | P94: 4 | Q94: 4 | R94: 4 | S94: 1 | T94: 1 | U94: 4 | V94: 4 | W94: 4 | X94: 4 | Y94: 4 | Z94: 4 | AA94: 4 | AB94: 4 | AC94: 4 | AD94: 4 | AE94: 4 | AF94: 1 | AG94: 1 | AH94: 1 | AI94: 4 | AJ94: 1 | AK94: 1 | AL94: 4 | AM94: 4 | AN94: 3 | AO94: 4 | AP94: 4 | AQ94: 4 | AR94: 4 | AS94: 4 | AT94: 4 | AU94: 4 | AV94: 4 | AW94: 4 | AX94: 4 | AY94: 4 | AZ94: 4 | BA94: 4 | BB94: 4 | BC94: 1 | BD94: 1 | BE94: 4 | BF94: 3 | BG94: 3 | BH94: 4 | BI94: 3 | BJ94: 1 | BK94: 4 | BL94: 4 | BM94: 4 | BN94: 1 | BO94: 4 | BP94: 1 | BQ94: 4 | BR94: 4 | BS94: 3 | BT94: 3 | BU94: 1 | BV94: 1 | BW94: 1 | BX94: 1 | BY94: 4 | BZ94: 4 | CA94: 4 | CB94: 4 | CC94: 4 | CD94: 4 | CE94: 4 | CF94: 4 | CG94: 4 | CH94: 4 | CI94: 4 | CJ94: 4 | CK94: 4 | CL94: 4 | CM94: 4 | CN94: 4 | CO94: 4 | CP94: 4 | CQ94: 4 | CR94: 4 | CS94: 4 | CT94: 1 | CU94: 4 | CV94: 4 | CW94: 4 | CX94: 4 | CY94: 4 | CZ94: 4 | DA94: 4 | DB94: 4 | DC94: 4 | DD94: 4 | DE94: 4 | DF94: 4 | DG94: 4 | DH94: 4 | DI94: 4 | DJ94: 4 | DK94: 4 | DL94: 4 | DM94: 4 | DN94: 4 | DO94: 4 | DP94: 4 | DQ94: 4 | DR94: 4 | DS94: 4 | DT94: 4
A95: ALHA 77307 | B95: Meteorite | C95: CO | E95: 1 | F95: 4 | G95: 1 | H95: 1 | I95: 4 | J95: 1 | K95: 4 | L95: 3 | M95: 1 | N95: 4 | O95: 4 | P95: 4 | Q95: 4 | R95: 4 | S95: 1 | T95: 1 | U95: 4 | V95: 4 | W95: 4 | X95: 4 | Y95: 4 | Z95: 4 | AA95: 4 | AB95: 4 | AC95: 4 | AD95: 4 | AE95: 4 | AF95: 3 | AG95: 3 | AH95: 3 | AI95: 4 | AJ95: 1 | AK95: 3 | AL95: 4 | AM95: 4 | AN95: 3 | AO95: 4 | AP95: 4 | AQ95: 4 | AR95: 4 | AS95: 4 | AT95: 4 | AU95: 4 | AV95: 4 | AW95: 4 | AX95: 4 | AY95: 4 | AZ95: 4 | BA95: 4 | BB95: 4 | BC95: 1 | BD95: 1 | BE95: 4 | BF95: 3 | BG95: 3 | BH95: 4 | BI95: 3 | BJ95: 3 | BK95: 4 | BL95: 4 | BM95: 4 | BN95: 3 | BO95: 4 | BP95: 3 | BQ95: 4 | BR95: 4 | BS95: 1 | BT95: 3 | BU95: 3 | BV95: 1 | BW95: 3 | BX95: 1 | BY95: 4 | BZ95: 4 | CA95: 4 | CB95: 4 | CC95: 4 | CD95: 4 | CE95: 4 | CF95: 4 | CG95: 4 | CH95: 4 | CI95: 4 | CJ95: 4 | CK95: 4 | CL95: 4 | CM95: 4 | CN95: 4 | CO95: 4 | CP95: 4 | CQ95: 4 | CR95: 4 | CS95: 4 | CT95: 1 | CU95: 4 | CV95: 4 | CW95: 4 | CX95: 4 | CY95: 4 | CZ95: 4 | DA95: 4 | DB95: 4 | DC95: 4 | DD95: 4 | DE95: 4 | DF95: 4 | DG95: 4 | DH95: 4 | DI95: 4 | DJ95: 4 | DK95: 4 | DL95: 4 | DM95: 4 | DN95: 4 | DO95: 4 | DP95: 4 | DQ95: 4 | DR95: 4 | DS95: 4 | DT95: 4
A96: MIL 05013 | B96: Meteorite | C96: CO | E96: 1 | F96: 4 | G96: 1 | H96: 1 | I96: 4 | J96: 1 | K96: 4 | L96: 3 | M96: 1 | N96: 4 | O96: 4 | P96: 4 | Q96: 4 | R96: 4 | S96: 1 | T96: 1 | U96: 4 | V96: 4 | W96: 4 | X96: 4 | Y96: 4 | Z96: 4 | AA96: 4 | AB96: 4 | AC96: 4 | AD96: 4 | AE96: 4 | AF96: 1 | AG96: 1 | AH96: 1 | AI96: 4 | AJ96: 1 | AK96: 1 | AL96: 4 | AM96: 4 | AN96: 1 | AO96: 4 | AP96: 4 | AQ96: 4 | AR96: 4 | AS96: 4 | AT96: 4 | AU96: 4 | AV96: 4 | AW96: 4 | AX96: 4 | AY96: 4 | AZ96: 4 | BA96: 4 | BB96: 4 | BC96: 1 | BD96: 1 | BE96: 4 | BF96: 3 | BG96: 3 | BH96: 4 | BI96: 3 | BJ96: 3 | BK96: 4 | BL96: 4 | BM96: 4 | BN96: 3 | BO96: 4 | BP96: 1 | BQ96: 4 | BR96: 4 | BS96: 3 | BT96: 3 | BU96: 3 | BV96: 1 | BW96: 1 | BX96: 1 | BY96: 4 | BZ96: 4 | CA96: 4 | CB96: 4 | CC96: 4 | CD96: 4 | CE96: 4 | CF96: 4 | CG96: 4 | CH96: 4 | CI96: 4 | CJ96: 4 | CK96: 4 | CL96: 4 | CM96: 4 | CN96: 4 | CO96: 4 | CP96: 4 | CQ96: 4 | CR96: 4 | CS96: 4 | CT96: 1 | CU96: 4 | CV96: 4 | CW96: 4 | CX96: 4 | CY96: 4 | CZ96: 4 | DA96: 4 | DB96: 4 | DC96: 4 | DD96: 4 | DE96: 4 | DF96: 4 | DG96: 4 | DH96: 4 | DI96: 4 | DJ96: 4 | DK96: 4 | DL96: 4 | DM96: 4 | DN96: 4 | DO96: 4 | DP96: 4 | DQ96: 4 | DR96: 4 | DS96: 4 | DT96: 4
A97: DOM 08006 | B97: Meteorite | C97: CO | E97: 1 | F97: 4 | G97: 1 | H97: 1 | I97: 4 | J97: 1 | K97: 4 | L97: 1 | M97: 1 | N97: 4 | O97: 4 | P97: 4 | Q97: 4 | R97: 4 | S97: 1 | T97: 1 | U97: 4 | V97: 4 | W97: 4 | X97: 4 | Y97: 4 | Z97: 4 | AA97: 4 | AB97: 4 | AC97: 4 | AD97: 4 | AE97: 4 | AF97: 1 | AG97: 1 | AH97: 1 | AI97: 4 | AJ97: 1 | AK97: 1 | AL97: 4 | AM97: 4 | AN97: 1 | AO97: 4 | AP97: 4 | AQ97: 4 | AR97: 4 | AS97: 4 | AT97: 4 | AU97: 4 | AV97: 4 | AW97: 4 | AX97: 4 | AY97: 4 | AZ97: 4 | BA97: 4 | BB97: 4 | BC97: 1 | BD97: 1 | BE97: 4 | BF97: 1 | BG97: 1 | BH97: 4 | BI97: 3 | BJ97: 3 | BK97: 4 | BL97: 4 | BM97: 4 | BN97: 3 | BO97: 4 | BP97: 1 | BQ97: 4 | BR97: 4 | BS97: 3 | BT97: 3 | BU97: 3 | BV97: 1 | BW97: 1 | BX97: 1 | BY97: 4 | BZ97: 4 | CA97: 4 | CB97: 4 | CC97: 4 | CD97: 4 | CE97: 4 | CF97: 4 | CG97: 4 | CH97: 4 | CI97: 4 | CJ97: 4 | CK97: 4 | CL97: 4 | CM97: 4 | CN97: 4 | CO97: 4 | CP97: 4 | CQ97: 4 | CR97: 4 | CS97: 4 | CT97: 1 | CU97: 4 | CV97: 4 | CW97: 4 | CX97: 4 | CY97: 4 | CZ97: 4 | DA97: 4 | DB97: 4 | DC97: 4 | DD97: 4 | DE97: 4 | DF97: 4 | DG97: 4 | DH97: 4 | DI97: 4 | DJ97: 4 | DK97: 4 | DL97: 4 | DM97: 4 | DN97: 4 | DO97: 4 | DP97: 4 | DQ97: 4 | DR97: 4 | DS97: 4 | DT97: 4
A98: Colony | B98: Meteorite | C98: CO | E98: 1 | F98: 4 | G98: 1 | H98: 1 | I98: 4 | J98: 1 | K98: 4 | L98: 4 | M98: 4 | N98: 4 | O98: 4 | P98: 4 | Q98: 4 | R98: 4 | S98: 1 | T98: 1 | U98: 4 | V98: 4 | W98: 4 | X98: 4 | Y98: 4 | Z98: 4 | AA98: 4 | AB98: 4 | AC98: 4 | AD98: 4 | AE98: 4 | AF98: 4 | AG98: 4 | AH98: 4 | AI98: 4 | AJ98: 1 | AK98: 1 | AL98: 4 | AM98: 4 | AN98: 4 | AO98: 4 | AP98: 4 | AQ98: 4 | AR98: 4 | AS98: 4 | AT98: 4 | AU98: 4 | AV98: 4 | AW98: 4 | AX98: 4 | AY98: 4 | AZ98: 4 | BA98: 4 | BB98: 4 | BC98: 1 | BD98: 1 | BE98: 4 | BF98: 4 | BG98: 4 | BH98: 4 | BI98: 4 | BJ98: 4 | BK98: 4 | BL98: 4 | BM98: 4 | BN98: 4 | BO98: 4 | BP98: 4 | BQ98: 4 | BR98: 4 | BS98: 4 | BT98: 4 | BU98: 4 | BV98: 4 | BW98: 1 | BX98: 1 | BY98: 4 | BZ98: 4 | CA98: 4 | CB98: 4 | CC98: 4 | CD98: 4 | CE98: 4 | CF98: 4 | CG98: 4 | CH98: 4 | CI98: 4 | CJ98: 4 | CK98: 4 | CL98: 4 | CM98: 4 | CN98: 4 | CO98: 4 | CP98: 4 | CQ98: 4 | CR98: 4 | CS98: 4 | CT98: 1 | CU98: 4 | CV98: 4 | CW98: 4 | CX98: 4 | CY98: 4 | CZ98: 4 | DA98: 4 | DB98: 4 | DC98: 4 | DD98: 4 | DE98: 4 | DF98: 4 | DG98: 4 | DH98: 4 | DI98: 4 | DJ98: 4 | DK98: 4 | DL98: 4 | DM98: 4 | DN98: 4 | DO98: 4 | DP98: 4 | DQ98: 4 | DR98: 4 | DS98: 4 | DT98: 4
A99: Ornans | B99: Meteorite | C99: CO | E99: 1 | F99: 4 | G99: 1 | H99: 1 | I99: 4 | J99: 1 | K99: 4 | L99: 4 | M99: 4 | N99: 4 | O99: 4 | P99: 4 | Q99: 4 | R99: 4 | S99: 1 | T99: 1 | U99: 4 | V99: 4 | W99: 4 | X99: 4 | Y99: 4 | Z99: 4 | AA99: 4 | AB99: 4 | AC99: 4 | AD99: 4 | AE99: 4 | AF99: 4 | AG99: 4 | AH99: 4 | AI99: 4 | AJ99: 2 | AK99: 2 | AL99: 4 | AM99: 4 | AN99: 4 | AO99: 4 | AP99: 4 | AQ99: 4 | AR99: 4 | AS99: 4 | AT99: 4 | AU99: 4 | AV99: 4 | AW99: 4 | AX99: 4 | AY99: 4 | AZ99: 4 | BA99: 4 | BB99: 4 | BC99: 1 | BD99: 1 | BE99: 4 | BF99: 4 | BG99: 4 | BH99: 4 | BI99: 4 | BJ99: 4 | BK99: 4 | BL99: 4 | BM99: 4 | BN99: 4 | BO99: 4 | BP99: 4 | BQ99: 4 | BR99: 4 | BS99: 4 | BT99: 4 | BU99: 4 | BV99: 4 | BW99: 1 | BX99: 1 | BY99: 4 | BZ99: 4 | CA99: 4 | CB99: 4 | CC99: 4 | CD99: 4 | CE99: 4 | CF99: 4 | CG99: 4 | CH99: 4 | CI99: 4 | CJ99: 4 | CK99: 4 | CL99: 4 | CM99: 4 | CN99: 4 | CO99: 4 | CP99: 4 | CQ99: 4 | CR99: 4 | CS99: 4 | CT99: 1 | CU99: 4 | CV99: 4 | CW99: 4 | CX99: 4 | CY99: 4 | CZ99: 4 | DA99: 4 | DB99: 4 | DC99: 4 | DD99: 4 | DE99: 4 | DF99: 4 | DG99: 4 | DH99: 4 | DI99: 4 | DJ99: 4 | DK99: 4 | DL99: 4 | DM99: 4 | DN99: 4 | DO99: 4 | DP99: 4 | DQ99: 4 | DR99: 4 | DS99: 4 | DT99: 4
A100: ALH 85085 | B100: Meteorite | C100: CH | E100: 1 | F100: 4 | G100: 1 | H100: 1 | I100: 4 | J100: 1 | K100: 4 | L100: 1 | M100: 1 | N100: 4 | O100: 4 | P100: 4 | Q100: 4 | R100: 4 | S100: 1 | T100: 1 | U100: 4 | V100: 4 | W100: 4 | X100: 4 | Y100: 4 | Z100: 4 | AA100: 4 | AB100: 4 | AC100: 4 | AD100: 4 | AE100: 4 | AF100: 1 | AG100: 1 | AH100: 1 | AI100: 4 | AJ100: 1 | AK100: 1 | AL100: 4 | AM100: 4 | AN100: 1 | AO100: 4 | AP100: 4 | AQ100: 4 | AR100: 4 | AS100: 4 | AT100: 4 | AU100: 4 | AV100: 4 | AW100: 4 | AX100: 4 | AY100: 4 | AZ100: 4 | BA100: 4 | BB100: 4 | BC100: 1 | BD100: 1 | BE100: 4 | BF100: 1 | BG100: 1 | BH100: 4 | BI100: 4 | BJ100: 4 | BK100: 1 | BL100: 1 | BM100: 1 | BN100: 4 | BO100: 4 | BP100: 1 | BQ100: 1 | BR100: 1 | BS100: 4 | BT100: 1 | BU100: 1 | BV100: 1 | BW100: 1 | BX100: 1 | BY100: 4 | BZ100: 4 | CA100: 4 | CB100: 4 | CC100: 4 | CD100: 4 | CE100: 4 | CF100: 4 | CG100: 4 | CH100: 4 | CI100: 4 | CJ100: 4 | CK100: 4 | CL100: 4 | CM100: 4 | CN100: 4 | CO100: 4 | CP100: 4 | CQ100: 4 | CR100: 4 | CS100: 4 | CT100: 1 | CU100: 4 | CV100: 4 | CW100: 4 | CX100: 4 | CY100: 4 | CZ100: 4 | DA100: 4 | DB100: 4 | DC100: 4 | DD100: 4 | DE100: 4 | DF100: 4 | DG100: 4 | DH100: 4 | DI100: 4 | DJ100: 4 | DK100: 4 | DL100: 4 | DM100: 4 | DN100: 4 | DO100: 4 | DP100: 4 | DQ100: 4 | DR100: 4 | DS100: 4 | DT100: 4
A101: PCA 91467 | B101: Meteorite | C101: CH | E101: 1 | F101: 4 | G101: 1 | H101: 1 | I101: 4 | J101: 1 | K101: 4 | L101: 1 | M101: 1 | N101: 4 | O101: 4 | P101: 4 | Q101: 4 | R101: 4 | S101: 1 | T101: 1 | U101: 4 | V101: 4 | W101: 4 | X101: 4 | Y101: 4 | Z101: 4 | AA101: 4 | AB101: 4 | AC101: 4 | AD101: 4 | AE101: 4 | AF101: 1 | AG101: 1 | AH101: 1 | AI101: 4 | AJ101: 1 | AK101: 1 | AL101: 4 | AM101: 4 | AN101: 1 | AO101: 4 | AP101: 4 | AQ101: 4 | AR101: 4 | AS101: 4 | AT101: 4 | AU101: 4 | AV101: 4 | AW101: 4 | AX101: 4 | AY101: 4 | AZ101: 4 | BA101: 4 | BB101: 4 | BC101: 1 | BD101: 1 | BE101: 4 | BF101: 1 | BG101: 1 | BH101: 4 | BI101: 4 | BJ101: 4 | BK101: 1 | BL101: 1 | BM101: 1 | BN101: 4 | BO101: 4 | BP101: 1 | BQ101: 1 | BR101: 1 | BS101: 4 | BT101: 1 | BU101: 1 | BV101: 1 | BW101: 1 | BX101: 1 | BY101: 4 | BZ101: 4 | CA101: 4 | CB101: 4 | CC101: 4 | CD101: 4 | CE101: 4 | CF101: 4 | CG101: 4 | CH101: 4 | CI101: 4 | CJ101: 4 | CK101: 4 | CL101: 4 | CM101: 4 | CN101: 4 | CO101: 4 | CP101: 4 | CQ101: 4 | CR101: 4 | CS101: 4 | CT101: 1 | CU101: 4 | CV101: 4 | CW101: 4 | CX101: 4 | CY101: 4 | CZ101: 4 | DA101: 4 | DB101: 4 | DC101: 4 | DD101: 4 | DE101: 4 | DF101: 4 | DG101: 4 | DH101: 4 | DI101: 4 | DJ101: 4 | DK101: 4 | DL101: 4 | DM101: 4 | DN101: 4 | DO101: 4 | DP101: 4 | DQ101: 4 | DR101: 4 | DS101: 4 | DT101: 4
A102: PAT 91546 | B102: Meteorite | C102: CH | E102: 1 | F102: 4 | G102: 1 | H102: 1 | I102: 4 | J102: 1 | K102: 4 | L102: 1 | M102: 1 | N102: 4 | O102: 4 | P102: 4 | Q102: 4 | R102: 4 | S102: 1 | T102: 1 | U102: 4 | V102: 4 | W102: 4 | X102: 4 | Y102: 4 | Z102: 4 | AA102: 4 | AB102: 4 | AC102: 4 | AD102: 4 | AE102: 4 | AF102: 1 | AG102: 1 | AH102: 1 | AI102: 4 | AJ102: 1 | AK102: 1 | AL102: 4 | AM102: 4 | AN102: 1 | AO102: 4 | AP102: 4 | AQ102: 4 | AR102: 4 | AS102: 4 | AT102: 4 | AU102: 4 | AV102: 4 | AW102: 4 | AX102: 4 | AY102: 4 | AZ102: 4 | BA102: 4 | BB102: 4 | BC102: 1 | BD102: 1 | BE102: 4 | BF102: 1 | BG102: 1 | BH102: 4 | BI102: 4 | BJ102: 4 | BK102: 1 | BL102: 1 | BM102: 1 | BN102: 4 | BO102: 4 | BP102: 1 | BQ102: 1 | BR102: 1 | BS102: 4 | BT102: 1 | BU102: 1 | BV102: 1 | BW102: 1 | BX102: 1 | BY102: 4 | BZ102: 4 | CA102: 4 | CB102: 4 | CC102: 4 | CD102: 4 | CE102: 4 | CF102: 4 | CG102: 4 | CH102: 4 | CI102: 4 | CJ102: 4 | CK102: 4 | CL102: 4 | CM102: 4 | CN102: 4 | CO102: 4 | CP102: 4 | CQ102: 4 | CR102: 4 | CS102: 4 | CT102: 1 | CU102: 4 | CV102: 4 | CW102: 4 | CX102: 4 | CY102: 4 | CZ102: 4 | DA102: 4 | DB102: 4 | DC102: 4 | DD102: 4 | DE102: 4 | DF102: 4 | DG102: 4 | DH102: 4 | DI102: 4 | DJ102: 4 | DK102: 4 | DL102: 4 | DM102: 4 | DN102: 4 | DO102: 4 | DP102: 4 | DQ102: 4 | DR102: 4 | DS102: 4 | DT102: 4
A103: MAC 02675 | B103: Meteorite | C103: CB | E103: 1 | F103: 4 | G103: 1 | H103: 1 | I103: 4 | J103: 1 | K103: 4 | L103: 1 | M103: 1 | N103: 4 | O103: 4 | P103: 4 | Q103: 4 | R103: 4 | S103: 1 | T103: 1 | U103: 4 | V103: 4 | W103: 4 | X103: 4 | Y103: 4 | Z103: 4 | AA103: 4 | AB103: 4 | AC103: 4 | AD103: 4 | AE103: 4 | AF103: 3 | AG103: 3 | AH103: 3 | AI103: 4 | AJ103: 1 | AK103: 3 | AL103: 4 | AM103: 4 | AN103: 3 | AO103: 4 | AP103: 4 | AQ103: 4 | AR103: 4 | AS103: 4 | AT103: 4 | AU103: 4 | AV103: 4 | AW103: 4 | AX103: 4 | AY103: 4 | AZ103: 4 | BA103: 4 | BB103: 4 | BC103: 1 | BD103: 1 | BE103: 4 | BF103: 3 | BG103: 3 | BH103: 4 | BI103: 4 | BJ103: 4 | BK103: 3 | BL103: 3 | BM103: 3 | BN103: 4 | BO103: 4 | BP103: 3 | BQ103: 3 | BR103: 3 | BS103: 4 | BT103: 3 | BU103: 3 | BV103: 1 | BW103: 1 | BX103: 1 | BY103: 4 | BZ103: 4 | CA103: 4 | CB103: 4 | CC103: 4 | CD103: 4 | CE103: 4 | CF103: 4 | CG103: 4 | CH103: 4 | CI103: 4 | CJ103: 4 | CK103: 4 | CL103: 4 | CM103: 4 | CN103: 4 | CO103: 4 | CP103: 4 | CQ103: 4 | CR103: 4 | CS103: 4 | CT103: 1 | CU103: 4 | CV103: 4 | CW103: 4 | CX103: 4 | CY103: 4 | CZ103: 4 | DA103: 4 | DB103: 4 | DC103: 4 | DD103: 4 | DE103: 4 | DF103: 4 | DG103: 4 | DH103: 4 | DI103: 4 | DJ103: 4 | DK103: 4 | DL103: 4 | DM103: 4 | DN103: 4 | DO103: 4 | DP103: 4 | DQ103: 4 | DR103: 4 | DS103: 4 | DT103: 4
A104: MIL 05082 | B104: Meteorite | C104: CB | E104: 1 | F104: 4 | G104: 1 | H104: 1 | I104: 4 | J104: 1 | K104: 4 | L104: 1 | M104: 1 | N104: 4 | O104: 4 | P104: 4 | Q104: 4 | R104: 4 | S104: 1 | T104: 1 | U104: 4 | V104: 4 | W104: 4 | X104: 4 | Y104: 4 | Z104: 4 | AA104: 4 | AB104: 4 | AC104: 4 | AD104: 4 | AE104: 4 | AF104: 1 | AG104: 1 | AH104: 1 | AI104: 4 | AJ104: 1 | AK104: 1 | AL104: 4 | AM104: 4 | AN104: 1 | AO104: 4 | AP104: 4 | AQ104: 4 | AR104: 4 | AS104: 4 | AT104: 4 | AU104: 4 | AV104: 4 | AW104: 4 | AX104: 4 | AY104: 4 | AZ104: 4 | BA104: 4 | BB104: 4 | BC104: 1 | BD104: 1 | BE104: 4 | BF104: 1 | BG104: 1 | BH104: 4 | BI104: 4 | BJ104: 4 | BK104: 1 | BL104: 1 | BM104: 1 | BN104: 4 | BO104: 4 | BP104: 1 | BQ104: 1 | BR104: 1 | BS104: 4 | BT104: 1 | BU104: 1 | BV104: 1 | BW104: 1 | BX104: 1 | BY104: 4 | BZ104: 4 | CA104: 4 | CB104: 4 | CC104: 4 | CD104: 4 | CE104: 4 | CF104: 4 | CG104: 4 | CH104: 4 | CI104: 4 | CJ104: 4 | CK104: 4 | CL104: 4 | CM104: 4 | CN104: 4 | CO104: 4 | CP104: 4 | CQ104: 4 | CR104: 4 | CS104: 4 | CT104: 1 | CU104: 4 | CV104: 4 | CW104: 4 | CX104: 4 | CY104: 4 | CZ104: 4 | DA104: 4 | DB104: 4 | DC104: 4 | DD104: 4 | DE104: 4 | DF104: 4 | DG104: 4 | DH104: 4 | DI104: 4 | DJ104: 4 | DK104: 4 | DL104: 4 | DM104: 4 | DN104: 4 | DO104: 4 | DP104: 4 | DQ104: 4 | DR104: 4 | DS104: 4 | DT104: 4
A105: MIL 07411 | B105: Meteorite | C105: CB | E105: 1 | F105: 4 | G105: 1 | H105: 3 | I105: 4 | J105: 1 | K105: 4 | L105: 1 | M105: 1 | N105: 4 | O105: 4 | P105: 4 | Q105: 4 | R105: 4 | S105: 1 | T105: 1 | U105: 4 | V105: 4 | W105: 4 | X105: 4 | Y105: 4 | Z105: 4 | AA105: 4 | AB105: 4 | AC105: 4 | AD105: 4 | AE105: 4 | AF105: 1 | AG105: 1 | AH105: 1 | AI105: 4 | AJ105: 1 | AK105: 1 | AL105: 4 | AM105: 4 | AN105: 1 | AO105: 4 | AP105: 4 | AQ105: 4 | AR105: 4 | AS105: 4 | AT105: 4 | AU105: 4 | AV105: 4 | AW105: 4 | AX105: 4 | AY105: 4 | AZ105: 4 | BA105: 4 | BB105: 4 | BC105: 1 | BD105: 1 | BE105: 4 | BF105: 1 | BG105: 1 | BH105: 4 | BI105: 4 | BJ105: 4 | BK105: 1 | BL105: 1 | BM105: 1 | BN105: 4 | BO105: 4 | BP105: 1 | BQ105: 1 | BR105: 1 | BS105: 4 | BT105: 1 | BU105: 1 | BV105: 1 | BW105: 1 | BX105: 1 | BY105: 4 | BZ105: 4 | CA105: 4 | CB105: 4 | CC105: 4 | CD105: 4 | CE105: 4 | CF105: 4 | CG105: 4 | CH105: 4 | CI105: 4 | CJ105: 4 | CK105: 4 | CL105: 4 | CM105: 4 | CN105: 4 | CO105: 4 | CP105: 4 | CQ105: 4 | CR105: 4 | CS105: 4 | CT105: 1 | CU105: 4 | CV105: 4 | CW105: 4 | CX105: 4 | CY105: 4 | CZ105: 4 | DA105: 4 | DB105: 4 | DC105: 4 | DD105: 4 | DE105: 4 | DF105: 4 | DG105: 4 | DH105: 4 | DI105: 4 | DJ105: 4 | DK105: 4 | DL105: 4 | DM105: 4 | DN105: 4 | DO105: 4 | DP105: 4 | DQ105: 4 | DR105: 4 | DS105: 4 | DT105: 4
... A234: Spirulina sp | B234: Organism | C234: Bacteria | E234: 1 | F234: 4 | G234: 4 | H234: 4 | I234: 1 | J234: 4 | K234: 4 | L234: 4 | M234: 4 | N234: 1 | O234: 4 | P234: 4 | Q234: 4 | R234: 2 | S234: 4 | T234: 4 | U234: 1 | V234: 4 | W234: 4 | X234: 4 | Y234: 1 | Z234: 4 | AA234: 4 | AB234: 4 | AC234: 4 | AD234: 4 | AE234: 4 | AF234: 4 | AG234: 4 | AH234: 4 | AI234: 4 | AJ234: 4 | AK234: 4 | AL234: 4 | AM234: 4 | AN234: 4 | AO234: 4 | AP234: 4 | AQ234: 4 | AR234: 4 | AS234: 4 | AT234: 4 | AU234: 4 | AV234: 4 | AW234: 4 | AX234: 4 | AY234: 4 | AZ234: 1 | BA234: 4 | BB234: 4 | BC234: 4 | BD234: 3 | BE234: 1 | BF234: 4 | BG234: 4 | BH234: 4 | BI234: 4 | BJ234: 4 | BK234: 4 | BL234: 4 | BM234: 4 | BN234: 4 | BO234: 4 | BP234: 4 | BQ234: 4 | BR234: 4 | BS234: 4 | BT234: 4 | BU234: 4 | BV234: 4 | BW234: 4 | BX234: 4 | BY234: 1 | BZ234: 4 | CA234: 1 | CB234: 2 | CC234: 4 | CD234: 4 | CE234: 1 | CF234: 4 | CG234: 4 | CH234: 4 | CI234: 4 | CJ234: 1 | CK234: 4 | CL234: 4 | CM234: 4 | CN234: 4 | CO234: 4 | CP234: 4 | CQ234: 4 | CR234: 4 | CS234: 4 | CT234: 4 | CU234: 4 | CV234: 4 | CW234: 1 | CX234: 4 | CY234: 4 | CZ234: 1 | DA234: 4 | DB234: 4 | DC234: 4 | DD234: 1 | DE234: 4 | DF234: 4 | DG234: 4 | DH234: 1 | DI234: 4 | DJ234: 4 | DK234: 1 | DL234: 4 | DM234: 4 | DN234: 1 | DO234: 4 | DP234: 4 | DQ234: 1 | DR234: 4 | DS234: 4 | DT234: 1

Sheet Database
A1: Amino acid | B1: Position of amino group | C1: Chirality | D1: Number of samples represented (total 189, only numeric) | E1: Molar mass (g/mol) | F1: Main Group Pallasites | J1: Iron meteorites group | P1: Renazzo-type Carbonaceous Chondrites | AF1: Murchison-type Carbonaceous Chondrites | BR1: Ivuna-type and -like Carbonaceous Chondrites | BZ1: Ureilites | CL1: Vigarano-type Carbonaceous Chondrites | CX1: Ornans-type Carbonaceous Chondrites | DH1: High-metal type Carbonaceous Chondrites | DN1: Bencubbin-type Carbonaceous Chondrites | DT1: Karoonda-type Carbonaceous Chondrites | EH1: Enstatite Chondrites | EN1: Ordinary Chondrites | ER1: Lunar regolith | GR1: Ryugu asteroid | GV1: Bennu asteroid | GX1: SNC meteorites | GZ1: Nonpolar desert | IT1: Polar desert | IX1: Hydrothermal | JX1: Shrubland | KB1: Woodland | KD1: Rainforest | KH1: Grassland | KL1: Tropical | KN1: Temperate forest | KP1: Semi-arid | KR1: Animalia | LV1: Fungi | MD1: Plantae | NP1: Bacteria | NR1: Interstellar clouds simulations
F2: Elsila et al. 2021 | J2: Elsila et al. 2021 | P2: Martins et al. 2007 | R2: Glavin et al. 2010 | T2: Aponte et al. 2020 | X2: Martins et al. 2007 | AB2: Glavin et al. 2010 | AF2: Glavin et al. 2010 | AL2: Glavin et al. 2020b | AP2: Burton et al. 2014b | AR2: Koga et al. 2017 | AT2: Glavin et al. 2006 | AX2: Glavin et al. 2010 | AZ2: Glavin et al. 2020a | BD2: Monroe et al. 2011 | BF2: Burton et. al 2014b | BL2: Martins et al. 2015 | BN2: Glavin et al. 2020b | BR2: Glavin et al. 2009 | BT2: Burton et al. 2009 | BZ2: Burton et al. 2012 | CJ2: Glavin et al. 2010b | CL2: Burton et al. 2012 | CX2: Burton et al. 2012 | DD2: Martins et al. 2012 | DH2: Burton et al. 2013 | DN2: Burton et al. 2013 | DT2: Burton et al. 2015 | EH2: Simkus et al. 2021 | EN2: Martins et al. 2012 | ER2: Elsila et al. 2016 | FT2: Elsila et al. 2024 | GR2: Parker et al. 2023 | GV2: Glavin et al. 2025 | GX2: Callahan et al. 2013 | GZ2: Aerts et al. 2020 | ID2: To be published | IH2: Kobayashi et al. 2022 | IR2: Noell et al. 2018 | IT2: Botta et al. 2008 | IV2: Noell et al. 2018 | IX2: Fuchida et al. 2014 | JF2: Sañé et al. 2020 | JV2: Takano et al. 2004 | JX2: Warren 2017 | KB2: Warren 2017 | KD2: Warren 2017 | KH2: Hou et al. 2009 | KL2: Hou et al. 2009 | KN2: Hou et al. 2009 | KP2: Hou et al. 2009 | KR2: Kato et al. 2015 | KV2: Yoshikawa et al. 2022 | LB2: Caligiani et al. 2018 | LD2: D'Aniello et al. 1995 | LF2: Pascual-Anaya et al. 2006 | LH2: Tarbit et al. 1980 | LJ2: Liceaga et al. 2006 | LL2: Abdul-Hamid et al. 2002 | LN2: Nilsang et al. 2005 | LP2: Wasswa et al. 2007 | LR2: Hou et al. 2011a | LT2: Hou et al. 2011b | LV2: Mattila et al. 2002 | MD2: Ali et al. 2014 | NB2: Ares et al. 2022 | NN2: Origbemisoye et al. 2024 | NP2: Furlan et al. 2024 | NR2: Koga et al. 2017
F3: Imilac metal | G3: SD | H3: Imilac silicate | I3: SD | J3: Canyon Diablo | K3: SD | L3: Cape York | M3: SD | N3: Campo del Cielo | O3: SD | P3: GRO 95577 | Q3: SD | R3: GRO 95577 | S3: SD | T3: MIL 09001 | U3: SD | V3: MIL 090657 | W3: SD | X3: GRA 95229 | Y3: SD | Z3: EET 92042 | AA3: SD | AB3: EET 92042 | AC3: SD | AD3: QUE 99177 | AE3: SD | AF3: MET 01070 | AG3: SD | AH3: SCO 06043 | AI3: SD | AJ3: Murchison USNM 5453 | AK3: SD | AL3: Murchison CFM 1 | AM3: SD | AN3: Murchison CFM 2 | AO3: SD | AP3: Murchison 5453 | AQ3: SD | AR3: Murchison | AS3: SD | AT3: Murchison USNM 6650 | AU3: SD | AV3: LEW 90500 | AW3: SD | AX3: LON 94102 | AY3: SD | AZ3: Asuka 12236 | BA3: SD | BB3: EET 96029 | BC3: SD | BD3: Bells | BE3: SD | BF3: Sutter's Hill 2 | BG3: SD | BH3: Sutter's Hill 12 | BI3: SD | BJ3: Sutter's Hill 51 | BK3: SD | BL3: Paris | BM3: SD | BN3: Aguas Zarcas UA 2741 | BO3: SD | BP3: Aguas Zarcas UA 2746 | BQ3: SD | BR3: Orgueil | BS3: SD | BT3: Ivuna | BU3: SD | BV3: Y-86029 | BW3: SD | BX3: Y-980115 | BY3: SD | BZ3: ALHA 77257 | CA3: SD | CB3: EET 83309 | CC3: SD | CD3: LEW 85328 | CE3: SD | CF3: GRA 95205 | CG3: SD | CH3: LAR 04315 | CI3: SD | CJ3: Almahata Sitta | CK3: SD | CL3: ALH 84028 | CM3: SD | CN3: EET 96026 | CO3: SD | CP3: LAP 02206 | CQ3: SD | CR3: LAR 06317 | CS3: SD | CT3: GRA 06101 | CU3: SD | CV3: Allende | CW3: SD | CX3: ALHA 77307 | CY3: SD | CZ3: MIL 05013 | DA3: SD | DB3: DOM 08006 | DC3: SD | DD3: Colony | DE3: SD | DF3: Ornans | DG3: SD | DH3: ALH 85085 | DI3: SD | DJ3: PCA 91467 | DK3: SD | DL3: PAT 91546 | DM3: SD | DN3: MAC 02675 | DO3: SD | DP3: MIL 05082 | DQ3: SD | DR3: MIL 07411 | DS3: SD | DT3: NWA 5956 | DU3: SD | DV3: LAR 04318 | DW3: SD | DX3: ALH 85002 | DY3: SD | DZ3: PCA 82500 | EA3: SD | EB3: EET 92002 | EC3: SD | ED3: LEW 87009 | EE3: SD | EF3: LAR 06872 | EG3: SD | EH3: DOM 14021 | EI3: SD | EJ3: LAR 12001 | EK3: SD | EL3: LAR 06252 | EM3: SD | EN3: Chainpur | EO3: SD | EP3: Bishunpur | EQ3: SD | ER3: Apollo 70011 | ES3: SD | ET3: Apollo 72501 | EU3: SD | EV3: Apollo 73131 | EW3: SD | EX3: Apollo 73241 | EY3: SD | EZ3: Apollo 78421 | FA3: SD | FB3: Apollo 69961 | FC3: SD | FD3: Apollo 78501 a | FE3: SD | FF3: Apollo 15261 | FG3: SD | FH3: Apollo 15271 | FI3: SD | FJ3: Apollo 61221 | FK3: SD | FL3: Apollo 69961 | FM3: SD | FN3: Apollo 73141 | FO3: SD | FP3: Apollo 76501 | FQ3: SD | FR3: Apollo 78501 b | FS3: SD | FT3: Apollo 73002, 2009 | FU3: SD | FV3: Apollo 73002, 2027 | FW3: SD | FX3: Apollo 73002, 1 | FY3: SD | FZ3: Apollo 73001, 2002 | GA3: SD | GB3: Apollo 73001, 2033 | GC3: SD | GD3: Apollo 73001, 2070 | GE3: SD | GF3: Apollo 70180, 10 | GG3: SD | GH3: Apollo 72320, 9 | GI3: SD | GJ3: Apollo 76240, 52 | GK3: SD | GL3: Apollo 70181, 196 | GM3: SD | GN3: Apollo 72321, 42 | GO3: SD | GP3: Apollo 76240 | GQ3: SD | GR3: A0106 | GS3: SD | GT3: C0107 | GU3: SD | GV3: OREX-803001-0 | GW3: SD | GX3: RBT 04262 | GY3: SD | GZ3: ATA01 | HA3: SD | HB3: ATA02 | HC3: SD | HD3: ATA03 | HE3: SD | HF3: ATA04 | HG3: SD | HH3: ATA05 | HI3: SD | HJ3: ATA07 | HK3: SD | HL3: ATA08 | HM3: SD | HN3: ATA09 | HO3: SD | HP3: ATA10 | HQ3: SD | HR3: ATA11 | HS3: SD | HT3: ATA12 | HU3: SD | HV3: ATA13 | HW3: SD | HX3: ATA14 | HY3: SD | HZ3: ATA15 | IA3: SD | IB3: ATA16 | IC3: SD | ID3: DGA | IE3: SD | IF3: NOA | IG3: SD | IH3: AT02-03 | II3: SD | IJ3: ATA02-28 | IK3: SD | IL3: ATA02-16 | IM3: SD | IN3: ATA02-23 | IO3: SD | IP3: ATA02-22 | IQ3: SD | IR3: AT45-A3 | IS3: SD | IT3: LAP Ice | IU3: SD | IV3: DV soil | IW3: SD | IX3: PC-1 | IY3: SD | IZ3: PC-3 | JA3: SD | JB3: PC-4 | JC3: SD | JD3: PC-6 | JE3: SD | JF3: B02 | JG3: SD | JH3: B04 | JI3: SD | JJ3: B05 | JK3: SD | JL3: B06 | JM3: SD | JN3: B07 | JO3: SD | JP3: B08 | JQ3: SD | JR3: B09 | JS3: SD | JT3: B12 | JU3: SD | JV3: NC | JW3: SD | JX3: Shrub | JY3: SD | JZ3: Moor | KA3: SD | KB3: Woodland | KC3: SD | KD3: Mixed Forest | KE3: SD | KF3: Tall Forest | KG3: SD | KH3: Mollisol-1 | KI3: SD | KJ3: Mollisol-2 | KK3: SD | KL3: Ultisol | KM3: SD | KN3: Alfisol | KO3: SD | KP3: Inceptisol | KQ3: SD | KR3: Mouse-1 | KS3: SD | KT3: Mouse-2 | KU3: SD | KV3: Rat-1 | KW3: SD | KX3: Rat-2 | KY3: SD | KZ3: Rat-3 | LA3: SD | LB3: Fly-1 | LC3: SD | LD3: Mollusk | LE3: SD | LF3: Amphioxus | LG3: SD | LH3: Human-1 | LI3: SD | LJ3: Fish -1 | LK3: SD | LL3: Fish -2 | LM3: SD | LN3: Fish -3 | LO3: SD | LP3: Fish -4 | LQ3: SD | LR3: Fish -5 | LS3: SD | LT3: Fish -6 | LU3: SD | LV3: Mushroom-1 | LW3: SD | LX3: Mushroom-2 | LY3: SD | LZ3: Mushroom-3 | MA3: SD | MB3: Mushroom-4 | MC3: SD | MD3: Ajwa-Al Medina | ME3: SD | MF3: Nabtat Ali | MG3: SD | MH3: Sukkari | MI3: SD | MJ3: Segae-1 | MK3: SD | ML3: Shaihee | MM3: SD | MN3: Ruthana | MO3: SD | MP3: Rushodia | MQ3: SD | MR3: Khalas-1 | MS3: SD | MT3: Barhi-1 | MU3: SD | MV3: Barhi-2 | MW3: SD | MX3: Segae-2 | MY3: SD | MZ3: Khalas-2 | NA3: SD | NB3: Bee-pollen-1 | NC3: SD | ND3: Bee-pollen-2 | NE3: SD | NF3: Bee-pollen-3 | NG3: SD | NH3: Bee-pollen-4 | NI3: SD | NJ3: Bee-pollen-5 | NK3: SD | NL3: Bee-pollen-6 | NM3: SD | NN3: Ackee aril | NO3: SD | NP3: Spirulina sp | NQ3: SD | NR3: AA Synthesis-1 | NS3: SD | NT3: AA Synthesis-2 | NU3: SD
A4: Glycine | B4: ɑ | C4: Achiral | D4: {=SUMPRODUCT((ISNUMBER(F4:NU4))*(MOD(COLUMN(F4:NU4),2)=0))} -> 183 | E4: 75.07 | F4: 0.1902 | G4: s.m. | H4: 0.8024 | I4: s.m. | J4: 0.5274 | K4: 0.0644 | L4: 0.2728 | M4: s.m. | N4: 0.3647 | O4: 0.0973 | P4: =136/E4 -> 1.8116425 | Q4: =14/E4 -> 0.18649261 | R4: 3.7 | S4: 1 | T4: 3.46 | U4: 0.88 | V4: 275 | W4: 23 | X4: 770 | Y4: 5 | Z4: =26875/E4 -> 357.9992 | AA4: =1176/E4 -> 15.665379 | AB4: 726 | AC4: 205 | AD4: 188 | AE4: 45 | AF4: =105/E4 -> 1.3986946 | AG4: =15/E4 -> 0.19981351 | AH4: =48/E4 -> 0.63940322 | AI4: =10/E4 -> 0.133209 | AJ4: =2606/E4 -> 34.714267 | AK4: =717/E4 -> 9.5510857 | AL4: 40 | AM4: 3 | AN4: 32 | AO4: 3 | AP4: 30.1 | AQ4: 6.3 | AR4: =1373/E4 -> 18.289596 | AS4: =143/E4 -> 1.9048888 | AT4: =1995/E4 -> 26.575196 | AU4: =122/E4 -> 1.6251499 | AV4: =1448/E4 -> 19.288664 | AW4: =682/E4 -> 9.0848541 | AX4: =3391/E4 -> 45.171174 | AY4: =1029/E4 -> 13.707207 | AZ4: 160 | BA4: 5 | BB4: 1.7 | BC4: 0.1 | BD4: 42.1 | BE4: n.a. | BF4: 2.26 | BG4: 0.27 | BH4: 2.96 | BI4: 0.76 | BJ4: 12.8 | BK4: 3.1 | BL4: 110 | BM4: 5 | BN4: 20 | BO4: 3 | BP4: 158 | BQ4: 35 | BR4: =865/E4 -> 11.522579 | BS4: =450/E4 -> 5.9944052 | BT4: 10.7 | BU4: 0.8 | BV4: 0.79 | BW4: 0.05 | BX4: 0.25 | BY4: 0.12 | BZ4: =80/E4 -> 1.065672 | CA4: =10/E4 -> 0.133209 | CB4: =7.4/E4 -> 0.098574664 | CC4: =2.4/E4 -> 0.031970161 | CD4: =63/E4 -> 0.83921673 | CE4: =3/E4 -> 0.039962701 | CF4: =36/E4 -> 0.47955242 | CG4: =2/E4 -> 0.026641801 | CH4: =24/E4 -> 0.31970161 | CI4: =1/E4 -> 0.0133209 | CJ4: =69/E4 -> 0.91914213 | CK4: =24/E4 -> 0.31970161 | CL4: =19/E4 -> 0.25309711 | CM4: =4/E4 -> 0.053283602 | CN4: =57/E4 -> 0.75929133 | CO4: =7/E4 -> 0.093246303 | CP4: =120/E4 -> 1.5985081 | CQ4: =16/E4 -> 0.21313441 | CR4: =49/E4 -> 0.65272412 | CS4: =5/E4 -> 0.066604502 | CT4: =47/E4 -> 0.62608232 | CU4: =1/E4 -> 0.0133209 | CV4: =851/E4 -> 11.336086 | CW4: =87/E4 -> 1.1589183 | CX4: =7.5/E4 -> 0.099906754 | CY4: =0.7/E4 -> 0.0093246303 | CZ4: =13/E4 -> 0.17317171 | DA4: =5/E4 -> 0.066604502 | DB4: =19/E4 -> 0.25309711 | DC4: =3/E4 -> 0.039962701 | DD4: =103.1/E4 -> 1.3733848 | DE4: =2.8/E4 -> 0.037298521 | DF4: =256.7/E4 -> 3.4194752 | DG4: =7.2/E4 -> 0.095910484 | DH4: =4531/E4 -> 60.357 | DI4: =429/E4 -> 5.7146663 | DJ4: =4609/E4 -> 61.39603 | DK4: =718/E4 -> 9.5644066 | DL4: =5747/E4 -> 76.555215 | DM4: =838/E4 -> 11.162915 | DN4: =39/E4 -> 0.51951512 | DO4: =6/E4 -> 0.079925403 | DP4: =900/E4 -> 11.98881 | DQ4: =6/E4 -> 0.079925403 | DR4: =6.4/E4 -> 0.085253763 | DS4: =0.5/E4 -> 0.0066604502 | DT4: =623/E4 -> 8.298921 | DU4: =193/E4 -> 2.5709338 | DV4: =19/E4 -> 0.25309711 | DW4: =2/E4 -> 0.026641801 | DX4: =13/E4 -> 0.17317171 | DY4: =1/E4 -> 0.0133209 | DZ4: =59/E4 -> 0.78593313 | EA4: =9/E4 -> 0.1198881 | EB4: =3.8/E4 -> 0.050619422 | EC4: =1.2/E4 -> 0.015985081 | ED4: =45/E4 -> 0.59944052 | EE4: =6/E4 -> 0.079925403 | EF4: =14/E4 -> 0.18649261 | EG4: =1/E4 -> 0.0133209 | EH4: <0.0001 | EI4: n.a. | EJ4: <0.0001 | EK4: n.a. | EL4: =3.6/1000 -> 0.0036 | EM4: =0.7/1000 -> 0.0007 | EN4: =534.6/E4 -> 7.1213534 | EO4: =12.7/E4 -> 0.16917544 | EP4: =294.2/E4 -> 3.9190089 | EQ4: =4.6/E4 -> 0.061276142 | ER4: =15/E4 -> 0.19981351 | ES4: =1/E4 -> 0.0133209 | ET4: =13/E4 -> 0.17317171 | EU4: =1/E4 -> 0.0133209 | EV4: =41/E4 -> 0.54615692 | EW4: =12/E4 -> 0.15985081 | EX4: =45/E4 -> 0.59944052 | EY4: =11/E4 -> 0.14652991 | EZ4: =24/E4 -> 0.31970161 | FA4: =3/E4 -> 0.039962701 | FB4: =18/E4 -> 0.23977621 | FC4: =1/E4 -> 0.0133209 | FD4: =1.8/E4 -> 0.023977621 | FE4: =0.6/E4 -> 0.0079925403 | FF4: =135/E4 -> 1.7983216 | FG4: =44/E4 -> 0.58611962 | FH4: =138/E4 -> 1.8382843 | FI4: =43/E4 -> 0.57279872 | FJ4: =104/E4 -> 1.3853737 | FK4: =35/E4 -> 0.46623152 | FL4: =180/E4 -> 2.3977621 | FM4: =44/E4 -> 0.58611962 | FN4: =251/E4 -> 3.343546 | FO4: =82/E4 -> 1.0923138 | FP4: =59/E4 -> 0.78593313 | FQ4: =18/E4 -> 0.23977621 | FR4: =126/E4 -> 1.6784335 | FS4: =25/E4 -> 0.33302251 | FT4: 17.68 | FU4: 0.18 | FV4: 4.18 | FW4: 0.14 | FX4: 1.3 | FY4: 0.17 | FZ4: 3.17 | GA4: 0.01 | GB4: 0.44 | GC4: 0.02 | GD4: 0.42 | GE4: 0.02 | GF4: 1.52 | GG4: 0.09 | GH4: <0.1 | GI4: n.a. | GJ4: 30.41 | GK4: 6.47 | GL4: 1.44 | GM4: 0.06 | GN4: 1.57 | GO4: 0.08 | GP4: 34.4 | GQ4: 0.31 | GR4: 0.46 | GS4: 0.05 | GT4: 1 | GU4: 0.2 | GV4: 44 | GW4: 1 | GX4: =23/E4 -> 0.30638071 | GY4: =4/E4 -> 0.053283602 | GZ4: 28.4561 | HA4: n.a. | HB4: 29.2985 | HC4: n.a. | HD4: 112.5927 | HE4: n.a. | HF4: 130.3263 | HG4: n.a. | HH4: 184.0706 | HI4: n.a. | HJ4: 32.5197 | HK4: n.a. | HL4: 19.7174 | HM4: n.a. | HN4: 76.5153 | HO4: n.a. | HP4: 1370 | HQ4: 40 | HR4: 1330 | HS4: 60 | HT4: 240 | HU4: 20 | HV4: 140 | HW4: 11 | HX4: b.b. | HY4: n.a. | HZ4: 185 | IA4: 16 | IB4: 195 | IC4: 8 | ID4: 15.6157 | IE4: 6.8862 | IF4: b.b. | IG4: n.a. | IH4: 9.4 | II4: n.a. | IJ4: 4.3 | IK4: n.a. | IL4: 2.1 | IM4: n.a. | IN4: 19.4 | IO4: n.a. | IP4: 213 | IQ4: n.a. | IR4: 4.18 | IS4: 0.55 | IT4: 7.2 | IU4: 4.8 | IV4: 9.03 | IW4: n.a. | IX4: =5.33*1000 -> 5330 | IY4: n.a. | IZ4: =2.62*1000 -> 2620 | JA4: n.a. | JB4: =2.85*1000 -> 2850 | JC4: n.a. | JD4: =0.81*1000 -> 810 | JE4: n.a. | JF4: 0.448 | JG4: n.a. | JH4: 0.362 | JI4: n.a. | JJ4: 0.542 | JK4: n.a. | JL4: 2.633 | JM4: n.a. | JN4: 1.619 | JO4: n.a. | JP4: 1.255 | JQ4: n.a. | JR4: 1.524 | JS4: n.a. | JT4: 1.551 | JU4: n.a. | JV4: 76.28 | JW4: n.a. | JX4: 3988.5955 | JY4: 1722.1124 | JZ4: 4133.6995 | KA4: 1375.9512 | KB4: 4011.3629 | KC4: 1390.4954 | KD4: 11909.261 | KE4: 10364.606 | KF4: 4767.8105 | KG4: 636.66756 | KH4: =203.7*1000 -> 203700 | KI4: =7.3*1000 -> 7300 | KJ4: =875.3*1000 -> 875300 | KK4: =36.8*1000 -> 36800 | KL4: =83.2*1000 -> 83200 | KM4: =8.5*1000 -> 8500 | KN4: =166.4*1000 -> 166400 | KO4: =17*1000 -> 17000 | KP4: =455.6*1000 -> 455600 | KQ4: =28.2*1000 -> 28200 | KR4: n.r. | KS4: n.a. | KT4: n.r. | KU4: n.a. | KV4: 3538.3 | KW4: 614.8 | KX4: 4483.4 | KY4: 440.2 | KZ4: 4450.3 | LA4: 243.9 | LB4: =((2.67/100)*1000000000)/E4 -> 355668.04 | LC4: =((0.01/100)*1000000000)/E4 -> 1332.09 | LD4: =2.4*1000 -> 2400 | LE4: =0.3*1000 -> 300 | LF4: =2.35*1000 -> 2350 | LG4: =0.35*1000 -> 350 | LH4: =1.68*1000 -> 1680 | LI4: =0.17*1000 -> 170 | LJ4: =((7.59/100)*1000000000)/E4 -> 1011056.3 | LK4: n.a | LL4: =(40.9*1000000)/E4 -> 544824.83 | LM4: =(1.66*1000000)/E4 -> 22112.695 | LN4: =((2.98/100)*1000000000)/E4 -> 396962.83 | LO4: n.a | LP4: =((17.1/100)*1000000000)/E4 -> 2277874 | LQ4: n.a | LR4: =((4.3/100)*1000000000)/E4 -> 572798.72 | LS4: n.a | LT4: =((12.04/100)*1000000000)/E4 -> 1603836.4 | LU4: n.a | LV4: =((97/100)*1000000)/E4 -> 12921.273 | LW4: n.a. | LX4: =((97/100)*1000000)/E4 -> 12921.273 | LY4: n.a. | LZ4: =((106/100)*1000000)/E4 -> 14120.155 | MA4: n.a. | MB4: =((91/100)*1000000)/E4 -> 12122.019 | MC4: n.a. | MD4: 13043 | ME4: n.a. | MF4: 12284 | MG4: n.a. | MH4: 11886 | MI4: n.a. | MJ4: 11604 | MK4: n.a. | ML4: 13351 | MM4: n.a. | MN4: 15486 | MO4: n.a. | MP4: 13824 | MQ4: n.a. | MR4: 12183 | MS4: n.a. | MT4: 14719 | MU4: n.a. | MV4: 13059 | MW4: n.a. | MX4: 9958 | MY4: n.a. | MZ4: 13611 | NA4: n.a. | NB4: =(0.16*1000000)/E4 -> 2131.3441 | NC4: n.a. | ND4: =(0.14*1000000)/E4 -> 1864.9261 | NE4: n.a. | NF4: =(0.1*1000000)/E4 -> 1332.09 | NG4: n.a. | NH4: =(2.28*1000000)/E4 -> 30371.653 | NI4: n.a. | NJ4: =(18*1000000)/E4 -> 239776.21 | NK4: n.a. | NL4: =(0.365*1000000)/E4 -> 4862.1287 | NM4: n.a. | NN4: =((7.13/100)*1000000)/E4 -> 949.78021 | NO4: n.a. | NP4: =(28.8*1000000)/E4 -> 383641.93 | NQ4: =(0.35*1000000)/E4 -> 4662.3152 | NR4: =(237*1000)/E4 -> 3157.0534 | NS4: =(26*1000)/E4 -> 346.34341 | NT4: =(288*1000)/E4 -> 3836.4193 | NU4: =(42*1000)/E4 -> 559.47782
